"TAZ","POPBASE","HHBASE","HHS1BASE","HHS2BASE","HHS3BASE","HHS4BASE","AGE1BASE","AGE2BASE","AGE3BASE","AGE4BASE","HHI1BASE","HHI2BASE","HHI3BASE","HHI4BASE","PSFD","GQPOPBASE"
100,152,57,11,23,6,17,0,24,18,15,5,7,24,21,0.8519,0
101,874,295,41,84,71,99,6,225,44,20,24,38,122,111,0.8462,0
102,12,5,1,3,0,1,1,4,0,0,0,1,2,2,1,0
103,34,16,5,7,2,2,0,3,8,5,1,2,7,6,0.8333,0
104,2,1,0,1,0,0,0,1,0,0,0,0,1,0,1,0
105,128,50,5,29,8,8,1,22,19,8,3,7,14,26,0.8852,0
106,284,115,14,67,14,20,1,47,35,32,3,10,21,81,0.9576,0
107,79,37,7,23,2,5,0,14,9,14,2,6,7,22,0.9302,0
108,86,37,9,19,3,6,0,12,11,14,1,3,7,26,0.9429,0
109,280,138,58,52,11,17,9,60,36,33,27,29,51,31,0.7401,0
110,19,9,3,3,2,1,0,4,3,2,4,2,2,1,0.6154,0
111,0,0,0,0,0,0,0,0,0,0,0,0,0,0,0,0
112,13,5,2,1,1,1,0,2,2,1,2,1,1,1,0.6,0
113,0,0,0,0,0,0,0,0,0,0,0,0,0,0,0,0
114,0,0,0,0,0,0,0,0,0,0,0,0,0,0,0,0
115,218,103,40,39,9,15,6,41,26,30,39,24,27,13,0.5882,0
116,633,245,50,83,55,57,7,142,49,47,93,57,63,32,0.5891,0
117,852,386,138,158,55,35,73,165,48,100,147,90,99,50,0.5885,74
118,153,60,10,26,12,12,4,28,13,15,23,14,15,8,0.5915,0
119,289,108,20,37,21,30,7,73,14,14,24,45,25,14,0.2773,0
120,419,170,39,62,35,34,13,97,29,31,33,77,38,22,0.2247,0
121,1129,571,213,226,82,50,82,277,61,151,110,260,129,72,0.2247,0
122,0,0,0,0,0,0,0,0,0,0,0,0,0,0,0,0
123,41,16,3,7,2,4,0,9,3,4,2,3,4,7,0.7222,0
124,100,34,4,11,10,9,0,18,8,8,3,5,9,17,0.75,0
125,216,69,4,30,9,26,0,40,16,13,5,10,19,35,0.7463,0
126,180,61,5,30,7,19,1,25,22,13,2,6,12,41,1,0
127,2241,920,208,386,136,190,32,386,225,277,73,130,255,462,0.7517,0
128,423,155,28,48,33,46,9,114,25,7,12,22,43,78,0.7516,0
129,978,441,134,174,76,57,27,210,108,96,125,119,85,112,0.3953,0
130,353,141,28,58,30,25,2,62,40,37,18,25,38,60,0.7338,0
131,2,1,0,1,0,0,0,0,1,0,0,0,0,1,0.8,0
132,414,197,110,43,18,26,2,44,24,127,25,35,53,84,0.734,46
133,313,125,31,49,14,31,11,57,23,34,27,37,32,29,0.3097,0
134,0,0,0,0,0,0,0,0,0,0,0,0,0,0,0,0
135,438,156,30,56,25,45,28,93,22,13,34,46,40,36,0.3176,0
136,414,214,92,74,28,20,10,67,31,106,46,63,55,50,0.3208,0
137,958,446,177,135,66,68,57,266,67,56,184,65,111,86,0.4882,0
138,424,168,41,65,24,38,7,86,42,33,69,25,42,32,0.4914,0
139,864,425,159,156,64,46,72,245,40,68,120,115,82,108,0.3914,0
140,0,0,0,0,0,0,0,0,0,0,0,0,0,0,0,0
141,2,1,0,1,0,0,0,0,1,0,1,0,0,0,1,0
142,143,55,12,16,13,14,5,31,9,10,15,15,11,14,0.3878,0
143,588,252,60,114,36,42,5,95,55,97,29,49,51,123,1,5
144,484,196,34,83,42,37,4,65,44,83,23,38,39,96,1,0
145,675,309,111,111,36,51,50,173,38,48,56,22,85,146,0.8087,0
146,495,205,42,84,38,41,10,94,57,44,39,79,41,46,0.2952,0
147,327,122,18,49,22,33,0,62,27,33,4,12,24,82,1,0
148,376,151,23,74,26,28,0,58,47,46,5,15,29,102,1,0
149,122,49,3,29,8,9,1,17,17,14,2,5,9,33,1,0
150,44,18,5,8,1,4,2,9,3,4,1,2,3,12,1,0
151,0,0,0,0,0,0,0,0,0,0,0,0,0,0,0,0
152,1130,632,287,245,60,40,234,317,54,27,120,243,127,142,0.2938,0
153,1111,441,70,198,79,94,4,218,115,104,80,30,122,209,0.8034,0
154,329,129,19,61,19,30,1,37,45,46,24,50,26,29,0.2961,0
155,162,65,14,27,10,14,3,23,19,20,9,7,21,28,0.9583,0
156,186,76,17,35,9,15,2,27,15,32,11,8,24,33,0.9518,0
157,470,196,40,84,38,34,15,72,45,64,28,22,62,84,0.9557,0
158,229,92,15,38,22,17,9,40,21,22,41,22,11,18,0.4898,0
159,280,128,37,52,22,17,11,68,27,22,30,14,74,10,0.8926,0
160,405,159,39,55,29,36,7,73,32,47,37,18,92,12,0.8904,0
161,48,11,1,5,2,3,1,6,3,1,3,1,6,1,0.9,18
162,92,34,7,11,5,11,1,19,3,11,8,4,20,2,0.8857,0
165,505,245,114,67,24,40,70,141,21,13,132,75,25,13,0.0826,0
166,371,157,38,66,27,26,7,71,27,52,27,46,45,39,0.7279,0
167,343,147,42,58,25,22,18,84,30,15,25,43,42,37,0.7273,0
168,506,224,68,81,38,37,76,104,30,14,39,65,64,56,0.7253,0
169,139,60,19,22,8,11,4,29,14,13,10,18,17,15,0.7193,0
170,746,317,70,142,48,57,103,129,37,48,140,76,38,63,0.4986,0
173,231,115,57,49,4,5,67,42,3,3,69,4,32,10,0.3285,37
178,534,231,66,89,30,46,126,83,14,8,75,30,74,52,0.7457,0
179,68,34,9,17,7,1,12,15,3,4,6,11,12,5,0.825,0
180,471,186,47,64,31,44,19,92,37,38,35,59,64,28,0.8223,0
181,18,10,3,6,1,0,2,3,3,2,2,3,3,2,0.8462,0
182,402,172,41,76,27,28,40,71,39,22,57,22,55,38,0.7425,0
183,527,251,85,105,31,30,96,113,25,17,130,49,42,30,0.2807,0
184,159,69,16,32,9,12,14,34,12,9,13,22,24,10,0.8243,0
185,147,50,20,17,6,7,14,30,1,5,10,16,17,7,0.8163,47
186,4,4,4,0,0,0,1,2,1,0,1,1,1,1,1,0
187,0,0,0,0,0,0,0,0,0,0,0,0,0,0,0,0
188,46,21,7,10,0,4,7,11,2,1,11,6,1,3,0.1613,0
189,203,114,58,35,13,8,20,60,22,12,60,33,7,14,0.1446,0
190,1,1,1,0,0,0,0,0,1,0,1,0,0,0,1,0
191,0,0,0,0,0,0,0,0,0,0,0,0,0,0,0,0
192,0,0,0,0,0,0,0,0,0,0,0,0,0,0,0,0
193,0,0,0,0,0,0,0,0,0,0,0,0,0,0,0,0
194,7,7,7,0,0,0,3,4,0,0,4,2,0,1,1,0
195,8,5,2,3,0,0,5,0,0,0,3,1,0,1,0.1429,0
196,301,164,104,44,8,8,66,56,7,35,85,32,27,20,0.2812,48
197,129,48,18,12,7,11,18,28,1,1,25,9,8,6,0.2769,8
198,280,104,47,29,10,18,48,45,7,4,55,20,17,12,0.2742,60
199,217,55,24,14,7,10,45,10,0,0,39,11,4,1,0.1091,100
200,124,32,16,7,5,4,15,9,4,4,23,6,2,1,0.1071,59
201,261,114,52,25,11,26,80,30,4,0,81,23,8,2,0.113,0
202,1061,282,65,118,27,72,221,47,10,4,195,47,40,0,0.1677,317
203,554,45,19,5,9,12,31,10,3,1,27,1,13,4,0.3279,436
204,286,103,30,35,15,23,26,34,15,28,34,18,35,16,0.4414,19
205,505,233,103,59,30,41,51,56,27,99,76,41,80,36,0.4327,0
206,1,1,1,0,0,0,0,1,0,0,0,0,1,0,1,0
207,0,0,0,0,0,0,0,0,0,0,0,0,0,0,0,0
208,0,0,0,0,0,0,0,0,0,0,0,0,0,0,0,0
209,0,0,0,0,0,0,0,0,0,0,0,0,0,0,0,0
210,0,0,0,0,0,0,0,0,0,0,0,0,0,0,0,0
211,7,6,5,1,0,0,1,3,2,0,2,3,1,0,1,0
212,368,128,32,34,18,44,91,33,1,3,46,58,13,11,0.2437,0
213,211,132,72,49,4,7,102,28,1,1,47,60,14,11,0.2523,0
214,295,133,52,52,13,16,79,38,9,7,47,60,14,12,0.2381,18
215,142,35,18,8,5,4,17,12,5,1,12,16,4,3,0.25,74
216,11,4,0,3,0,1,0,2,2,0,2,1,0,1,0.1667,0
217,56,53,50,3,0,0,0,25,16,12,28,15,3,7,0.25,0
218,11,9,7,2,0,0,2,6,1,0,5,3,0,1,1,0
219,10,5,1,3,1,0,0,3,2,0,3,1,0,1,1,0
220,13,10,7,3,0,0,3,6,1,0,5,3,1,1,1,0
221,24,16,9,6,1,0,7,8,1,0,8,5,1,2,0.1667,0
222,42,26,17,6,2,1,7,16,1,2,14,8,1,3,0.1429,0
223,73,41,23,13,1,4,10,24,6,1,22,12,2,5,0.1562,0
224,26,13,5,6,0,2,4,3,4,2,6,4,1,2,0.2,0
225,0,0,0,0,0,0,0,0,0,0,0,0,0,0,0,0
227,72,46,30,10,4,2,16,21,8,1,24,13,3,6,0.1429,0
228,171,67,21,25,9,12,16,35,13,3,35,19,4,9,0.1429,11
229,7,1,0,0,0,1,0,1,0,0,1,0,0,0,1,3
230,500,250,104,95,21,30,161,66,13,10,154,41,55,0,0.1773,0
231,167,55,5,19,11,20,5,30,15,5,1,9,20,25,0.7385,0
232,275,108,25,39,20,24,3,52,25,28,26,25,28,29,0.5954,0
233,2,1,1,0,0,0,1,0,0,0,0,0,0,1,0.6667,0
234,1,1,1,0,0,0,0,0,0,1,0,0,0,1,1,0
235,67,30,9,12,4,5,2,14,10,4,6,8,11,5,0.5625,0
236,14,5,0,3,0,2,0,3,1,1,1,1,2,1,0.7143,0
237,202,70,7,28,11,24,2,29,23,16,12,9,23,26,0.8286,0
238,231,85,18,29,16,22,2,51,19,13,18,22,31,14,0.5727,0
239,22,8,3,2,1,2,0,5,2,1,2,2,3,1,0.6,0
240,19,8,1,5,1,1,0,4,3,1,2,2,3,1,0.5455,0
241,541,206,50,69,31,56,10,127,35,34,43,54,76,33,0.5714,0
242,20,9,4,3,0,2,1,5,1,2,2,2,3,2,0.6,0
243,65,23,4,9,4,6,2,11,6,4,2,9,6,6,0.4762,0
246,9,3,0,1,1,1,0,2,1,0,0,1,1,1,0.5,0
247,47,18,3,8,2,5,0,9,4,5,4,4,5,5,0.5909,0
248,22,9,2,3,3,1,0,4,1,4,2,2,2,3,0.6,0
249,36,20,9,8,1,2,0,8,8,4,5,5,5,5,0.6,0
250,0,0,0,0,0,0,0,0,0,0,0,0,0,0,0,0
251,81,32,6,12,7,7,3,14,7,8,8,7,8,9,0.6053,0
252,9,4,1,1,1,1,0,2,1,1,1,1,1,1,0.6,0
253,0,0,0,0,0,0,0,0,0,0,0,0,0,0,0,0
254,18,9,3,4,1,1,3,5,0,1,2,2,2,3,0.6,0
255,1439,649,181,280,91,97,212,354,46,37,155,151,166,177,0.5977,0
256,532,354,222,111,11,10,2,23,33,296,85,82,91,96,0.5983,0
257,93,42,15,16,3,8,2,20,8,12,10,10,11,11,0.587,0
258,46,18,0,12,3,3,0,8,7,3,1,2,6,9,0.9412,0
259,54,27,10,12,2,3,0,10,6,11,1,4,9,13,0.9412,0
260,586,229,34,102,42,51,6,102,66,55,10,31,79,109,0.9231,0
261,70,26,5,8,6,7,3,8,3,12,1,4,9,12,0.9167,0
262,0,0,0,0,0,0,0,0,0,0,0,0,0,0,0,0
263,0,0,0,0,0,0,0,0,0,0,0,0,0,0,0,0
264,415,162,29,65,33,35,14,94,31,23,6,47,75,34,0.9,0
265,144,59,18,21,10,10,1,21,17,20,15,12,22,10,0.7573,0
266,15,4,0,1,1,2,0,2,2,0,1,1,1,1,0.75,0
267,21,8,2,1,3,2,0,4,1,3,2,2,3,1,0.7692,0
268,57,25,3,16,3,3,0,11,6,8,6,5,10,4,0.7674,0
269,52,18,4,4,4,6,0,7,7,4,2,2,3,11,0.8846,0
270,183,78,12,45,8,13,0,33,29,16,9,10,14,45,0.8621,0
271,8,4,2,1,0,1,0,1,1,2,0,1,1,2,0.8,0
272,74,32,9,10,9,4,0,19,7,6,3,4,13,12,0.8571,0
273,191,66,5,35,6,20,0,27,22,17,5,9,27,25,0.8387,0
274,71,28,6,13,3,6,2,7,9,10,2,4,12,10,0.8438,0
275,0,0,0,0,0,0,0,0,0,0,0,0,0,0,0,0
276,2,1,0,1,0,0,0,0,1,0,0,0,1,0,1,0
277,323,122,24,47,21,30,1,57,39,25,24,26,45,27,0.7414,0
278,423,162,18,83,34,27,1,53,53,55,31,34,61,36,0.7405,8
279,301,122,18,63,20,21,1,44,38,39,3,11,22,86,0.9542,0
280,152,62,7,36,9,10,1,23,19,19,2,6,11,43,0.9524,0
281,161,59,4,32,9,14,0,24,20,15,2,5,11,41,0.9661,0
282,61,24,4,11,3,6,0,8,13,3,1,2,4,17,0.963,0
283,66,32,14,9,3,6,1,19,6,6,6,11,8,7,0.4545,0
284,379,164,59,54,20,31,7,84,36,37,32,54,40,38,0.4466,0
285,122,47,9,17,10,11,0,27,8,12,9,16,11,11,0.4423,0
286,307,118,26,40,22,30,0,67,25,26,23,39,29,27,0.4472,0
287,46,18,5,6,2,5,0,11,4,3,4,6,4,4,0.4348,0
288,200,54,16,20,5,13,1,31,11,11,11,18,13,12,0.4444,68
289,63,25,4,14,2,5,0,11,8,6,1,4,5,15,0.9062,0
290,12,4,0,1,2,1,0,2,2,0,0,1,1,2,0.8571,0
292,411,165,35,70,26,34,9,57,46,53,38,22,38,67,1,0
293,80,50,26,19,4,1,17,21,6,6,26,10,8,6,0.2778,0
294,138,67,27,27,2,11,31,29,2,5,35,13,11,8,0.2903,0
295,125,57,20,20,6,11,18,32,4,3,30,17,3,7,0.1325,0
296,197,93,37,32,12,12,20,58,8,7,49,27,5,12,0.1447,0
297,0,0,0,0,0,0,0,0,0,0,0,0,0,0,0,0
298,2,1,0,1,0,0,0,1,0,0,1,0,0,0,1,0
299,35,0,0,0,0,0,0,0,0,0,0,0,0,0,0,35
300,47,30,23,7,0,0,17,11,1,1,15,9,2,4,0.16,10
301,240,116,25,71,11,9,90,22,2,2,81,19,10,6,0.25,0
302,1013,559,254,213,61,31,363,157,20,19,392,91,49,27,0.2483,8
303,23,8,1,0,6,1,6,1,1,0,5,1,2,0,0.1111,0
304,1117,486,164,157,74,91,108,303,45,30,176,180,108,22,0.2224,0
306,0,0,0,0,0,0,0,0,0,0,0,0,0,0,0,0
307,178,62,25,14,9,14,0,35,20,7,17,8,25,12,0.5,37
308,0,0,0,0,0,0,0,0,0,0,0,0,0,0,0,0
309,539,204,51,78,27,48,15,104,57,28,8,59,94,43,0.9016,18
310,484,186,35,75,34,42,16,111,42,17,7,54,86,39,0.9,4
311,452,206,58,85,38,25,45,100,42,19,54,68,54,30,0.5633,0
312,532,251,81,103,40,27,51,142,33,25,66,83,66,36,0.5611,0
313,286,134,49,47,19,19,11,78,32,13,36,44,35,19,0.5597,5
314,12,3,1,0,0,2,0,2,0,1,1,0,1,1,1,0
315,1500,623,132,256,132,103,139,353,70,61,170,84,253,116,0.5137,0
316,554,217,50,67,47,53,23,148,20,26,59,29,89,40,0.5169,0
317,569,197,30,58,50,59,23,145,17,12,54,27,80,36,0.514,0
318,184,70,12,30,12,16,3,35,21,11,19,10,28,13,0.5082,0
319,21,12,4,7,1,0,0,7,3,2,3,2,5,2,0.5455,0
320,14,8,3,4,0,1,0,4,2,2,2,2,3,1,0.75,0
321,0,0,0,0,0,0,0,0,0,0,0,0,0,0,0,0
322,6,3,2,1,0,0,0,0,2,1,1,1,1,0,0.75,0
323,140,50,7,16,14,13,1,34,6,9,8,7,16,19,0.8182,0
324,16,5,0,1,2,2,0,3,2,0,1,1,1,2,0.8333,0
325,262,94,15,23,30,26,2,67,11,14,16,12,30,36,0.8182,0
326,245,92,24,26,22,20,4,55,19,14,15,12,30,35,0.82,0
327,2,1,1,0,0,0,0,0,0,1,0,0,1,0,1,0
328,124,49,17,13,6,13,1,29,8,11,10,13,18,8,0.5763,3
329,177,65,16,15,17,17,7,41,10,7,14,17,24,10,0.5765,0
330,15,9,5,3,0,1,0,6,1,2,2,2,3,2,0.6667,0
331,18,8,5,2,0,1,0,6,2,0,2,2,3,1,0.625,3
332,54,23,7,8,4,4,2,14,2,5,5,6,8,4,0.5769,0
333,120,56,23,19,4,10,3,36,9,8,12,14,21,9,0.5741,0
334,134,50,13,15,9,13,3,26,8,13,11,13,18,8,0.5763,0
335,124,50,14,18,6,12,2,26,12,10,11,13,18,8,0.5781,0
336,317,133,22,69,20,22,3,50,40,40,16,18,24,75,0.8675,0
337,460,159,20,63,27,49,1,96,35,27,19,21,29,90,0.8644,0
338,167,76,20,35,10,11,0,29,20,27,9,10,14,43,0.8617,0
339,6,3,1,1,0,1,0,1,0,2,1,0,1,1,1,0
340,62,19,1,7,3,8,1,10,4,4,3,3,7,6,0.7222,0
341,1,0,0,0,0,0,0,0,0,0,0,0,0,0,1,0
342,144,58,18,19,7,14,4,27,11,16,5,21,16,16,0.4681,0
343,36,13,2,6,1,4,0,5,3,5,1,5,3,4,0.5294,0
344,144,47,4,15,9,19,2,37,1,7,4,17,13,13,0.4324,0
345,27,12,2,7,2,1,0,4,3,5,1,5,3,3,0.4,0
346,1,0,0,0,0,0,0,0,0,0,0,0,0,0,1,0
347,195,81,28,27,10,16,16,44,14,7,6,30,22,23,0.4603,11
348,294,113,22,47,17,27,8,61,20,24,9,42,30,32,0.4667,0
349,205,78,16,29,14,19,0,44,25,9,17,20,20,21,0.5955,0
350,660,223,28,81,38,76,2,132,51,38,50,55,57,61,0.5961,0
351,0,0,0,0,0,0,0,0,0,0,0,0,0,0,0,0
352,18,8,2,5,0,1,0,4,4,0,0,1,3,4,0.6667,0
353,475,178,38,56,39,45,15,105,28,30,43,41,46,48,0.5953,0
354,39,17,6,6,1,4,0,9,5,3,4,4,4,5,0.6,0
355,302,141,50,53,19,19,7,58,22,54,3,22,52,64,0.7279,0
356,1307,511,124,173,82,132,105,294,53,59,8,81,190,232,0.7258,0
357,37,13,2,5,3,3,0,8,3,2,0,2,5,6,0.7143,0
358,94,34,8,13,6,7,5,17,6,6,0,5,13,16,0.7143,0
359,6,3,0,3,0,0,0,2,0,1,0,1,1,1,0.75,0
360,34,12,0,5,4,3,1,2,5,4,0,2,4,6,0.7222,0
361,355,138,35,47,22,34,8,72,31,27,2,22,51,63,0.7293,0
362,149,64,22,19,10,13,2,43,8,11,1,10,24,29,0.7193,0
363,80,34,8,15,6,5,0,15,8,11,1,5,12,16,0.925,0
364,147,54,8,23,10,13,0,25,13,16,2,7,19,26,0.9259,0
365,275,113,16,57,21,19,0,39,29,45,5,15,39,54,0.9208,0
366,32,12,0,9,0,3,0,4,4,4,0,2,4,6,0.9091,0
367,126,47,7,17,9,14,5,21,14,7,2,6,16,23,0.9211,0
368,0,0,0,0,0,0,0,0,0,0,0,0,0,0,0,0
369,3,1,1,0,0,0,1,0,0,0,0,0,0,1,1,0
370,0,0,0,0,0,0,0,0,0,0,0,0,0,0,0,0
371,0,0,0,0,0,0,0,0,0,0,0,0,0,0,0,0
372,160,69,10,40,10,9,54,13,0,2,43,11,15,0,0.1807,0
373,0,0,0,0,0,0,0,0,0,0,0,0,0,0,0,0
376,0,0,0,0,0,0,0,0,0,0,0,0,0,0,0,0
377,0,0,0,0,0,0,0,0,0,0,0,0,0,0,0,0
378,28,11,2,4,3,2,0,5,3,3,0,2,4,5,0.6667,0
379,0,0,0,0,0,0,0,0,0,0,0,0,0,0,0,0
380,0,0,0,0,0,0,0,0,0,0,0,0,0,0,0,0
381,177,102,43,47,9,3,88,12,2,0,63,17,22,0,0.1714,0
382,0,0,0,0,0,0,0,0,0,0,0,0,0,0,0,0
383,2,1,1,0,0,0,1,0,0,0,1,0,0,0,0,0
384,0,0,0,0,0,0,0,0,0,0,0,0,0,0,0,0
385,0,0,0,0,0,0,0,0,0,0,0,0,0,0,0,0
386,170,74,23,31,5,15,57,16,0,1,63,5,6,0,0.1277,0
387,0,0,0,0,0,0,0,0,0,0,0,0,0,0,0,0
388,909,2,0,1,0,1,2,0,0,0,2,0,0,0,0.5,903
389,0,0,0,0,0,0,0,0,0,0,0,0,0,0,0,0
390,0,0,0,0,0,0,0,0,0,0,0,0,0,0,0,0
391,0,0,0,0,0,0,0,0,0,0,0,0,0,0,0,0
392,0,0,0,0,0,0,0,0,0,0,0,0,0,0,0,0
393,0,0,0,0,0,0,0,0,0,0,0,0,0,0,0,0
394,0,0,0,0,0,0,0,0,0,0,0,0,0,0,0,0
395,883,1,0,0,0,1,1,0,0,0,0,0,1,0,1,849
396,4,2,1,0,1,0,1,1,0,0,0,0,2,0,1,0
397,0,0,0,0,0,0,0,0,0,0,0,0,0,0,0,0
398,0,0,0,0,0,0,0,0,0,0,0,0,0,0,0,0
399,216,77,13,27,13,24,13,30,16,18,25,14,26,12,0.4359,0
400,0,0,0,0,0,0,0,0,0,0,0,0,0,0,0,0
403,402,210,125,56,10,19,130,70,6,4,149,42,16,3,0.1031,29
406,80,30,2,19,2,7,0,14,7,9,2,4,13,11,0.8485,0
407,191,78,11,43,8,16,1,33,23,21,6,10,33,29,0.8415,0
408,160,79,39,23,8,9,4,39,18,18,13,10,26,30,0.8212,12
409,5,3,2,1,0,0,2,0,1,0,1,0,1,1,1,0
410,262,106,20,51,15,20,2,45,32,27,14,34,41,17,0.7353,0
415,8,4,2,1,0,1,2,1,0,1,1,1,1,1,0.6,0
416,264,100,12,37,30,21,20,80,0,0,33,17,34,16,0.4381,0
417,0,0,0,0,0,0,0,0,0,0,0,0,0,0,0,0
418,0,0,0,0,0,0,0,0,0,0,0,0,0,0,0,0
419,0,0,0,0,0,0,0,0,0,0,0,0,0,0,0,0
420,254,0,0,0,0,0,0,0,0,0,0,0,0,0,0,254
421,0,0,0,0,0,0,0,0,0,0,0,0,0,0,0,0
422,0,0,0,0,0,0,0,0,0,0,0,0,0,0,0,0
423,0,0,0,0,0,0,0,0,0,0,0,0,0,0,0,0
424,0,0,0,0,0,0,0,0,0,0,0,0,0,0,0,0
425,0,0,0,0,0,0,0,0,0,0,0,0,0,0,0,0
426,0,0,0,0,0,0,0,0,0,0,0,0,0,0,0,0
427,0,0,0,0,0,0,0,0,0,0,0,0,0,0,0,0
428,0,0,0,0,0,0,0,0,0,0,0,0,0,0,0,0
429,0,0,0,0,0,0,0,0,0,0,0,0,0,0,0,0
430,0,0,0,0,0,0,0,0,0,0,0,0,0,0,0,0
431,257,232,210,19,3,0,194,36,1,1,165,47,17,3,0.1106,0
432,0,0,0,0,0,0,0,0,0,0,0,0,0,0,0,0
433,0,0,0,0,0,0,0,0,0,0,0,0,0,0,0,0
434,0,0,0,0,0,0,0,0,0,0,0,0,0,0,0,0
435,194,1,0,1,0,0,0,0,0,1,0,1,0,0,1,192
436,0,0,0,0,0,0,0,0,0,0,0,0,0,0,0,0
437,0,0,0,0,0,0,0,0,0,0,0,0,0,0,0,0
438,0,0,0,0,0,0,0,0,0,0,0,0,0,0,0,0
439,362,0,0,0,0,0,0,0,0,0,0,0,0,0,0,362
440,0,0,0,0,0,0,0,0,0,0,0,0,0,0,0,0
441,0,0,0,0,0,0,0,0,0,0,0,0,0,0,0,0
442,0,0,0,0,0,0,0,0,0,0,0,0,0,0,0,0
443,0,0,0,0,0,0,0,0,0,0,0,0,0,0,0,0
444,8,3,0,1,1,1,0,1,1,1,0,1,1,1,0.6667,0
445,0,0,0,0,0,0,0,0,0,0,0,0,0,0,0,0
446,0,0,0,0,0,0,0,0,0,0,0,0,0,0,0,0
447,621,0,0,0,0,0,0,0,0,0,0,0,0,0,0,621
448,0,0,0,0,0,0,0,0,0,0,0,0,0,0,0,0
449,0,0,0,0,0,0,0,0,0,0,0,0,0,0,0,0
450,203,80,9,43,10,18,0,30,24,26,2,7,15,56,0.9551,0
451,48,18,2,8,2,6,0,9,5,4,3,4,7,4,0.75,0
452,33,13,3,3,4,3,1,8,0,4,1,2,5,5,0.8571,0
453,0,0,0,0,0,0,0,0,0,0,0,0,0,0,0,0
454,671,279,45,149,36,49,2,109,91,77,46,37,90,106,0.8229,0
455,143,53,8,24,8,13,0,18,19,16,9,7,17,20,0.8214,0
456,114,47,2,31,8,6,1,14,17,15,8,6,15,18,0.8367,0
457,73,66,59,7,0,0,2,1,0,63,36,20,7,3,0.0952,0
458,745,319,137,75,43,64,76,163,32,48,172,98,32,17,0.0819,19
459,0,0,0,0,0,0,0,0,0,0,0,0,0,0,0,0
460,2,1,0,1,0,0,0,1,0,0,1,0,0,0,0,0
461,233,93,19,35,18,21,13,44,16,20,22,12,22,37,1,0
462,221,93,25,32,17,19,4,40,25,24,22,12,22,37,1,0
463,330,140,40,51,20,29,19,71,27,23,46,44,33,17,0.4306,0
464,422,192,87,58,22,25,59,79,24,30,63,61,45,23,0.4337,41
465,470,206,60,74,40,32,82,86,20,18,129,48,29,0,0.137,4
466,318,118,34,48,7,29,64,43,9,2,74,27,17,0,0.1395,44
467,338,194,91,74,18,11,112,66,10,6,114,39,41,0,0.1382,0
468,690,380,283,43,23,31,209,100,19,52,223,76,81,0,0.1327,109
469,86,74,64,8,2,0,12,34,18,10,39,22,4,9,0.25,0
470,64,40,23,14,0,3,15,11,10,4,21,12,2,5,0.1408,0
471,328,124,30,40,23,31,7,85,16,16,23,18,44,39,0.6934,0
472,14,7,2,4,0,1,0,4,1,2,1,1,3,2,0.7143,0
473,14,5,2,0,0,3,0,3,1,1,1,1,2,1,0.6667,0
474,317,128,33,44,25,26,6,83,23,16,24,18,46,40,0.6934,0
475,211,106,41,43,11,11,5,53,30,18,38,39,24,5,0.2222,0
476,5,2,0,1,1,0,0,1,0,1,1,1,0,0,1,0
500,19,8,2,3,1,2,0,4,3,1,1,1,4,2,0.8,0
501,28,12,2,6,2,2,1,6,2,3,1,2,6,3,0.8462,0
502,49,17,5,5,2,5,0,7,3,7,1,4,5,7,0.8,0
503,37,18,4,11,2,1,0,6,3,9,2,4,8,4,0.8333,0
504,28,11,2,5,1,3,1,5,3,2,1,2,5,3,0.8333,0
505,19,8,2,3,1,2,0,4,3,1,1,1,4,2,0.8333,0
506,6,2,0,2,0,0,0,1,0,1,0,0,1,1,1,0
507,3,1,0,0,1,0,0,0,1,0,0,0,0,1,1,0
508,22,8,1,3,2,2,0,4,2,2,0,0,4,4,1,0
509,19,7,1,3,1,2,0,3,2,2,0,1,3,3,1,0
510,16,7,2,3,1,1,0,3,2,2,0,1,3,3,1,0
511,33,11,0,7,2,2,0,6,4,1,1,2,5,3,0.8462,0
512,82,31,5,13,7,6,1,15,8,7,3,6,14,8,0.8065,0
513,45,17,4,7,2,4,1,8,2,6,2,3,8,4,0.8571,0
514,158,59,2,32,12,13,0,27,16,16,5,12,27,15,0.8108,0
515,49,19,6,5,4,4,0,9,4,6,2,4,8,5,0.8333,0
516,40,18,5,7,4,2,0,8,5,5,1,4,6,7,0.8,0
517,15,5,1,2,0,2,0,3,1,1,0,1,2,2,0.6667,0
518,128,51,6,26,8,11,0,22,14,15,3,11,16,21,0.8,0
519,81,35,6,18,5,6,0,11,11,13,2,8,11,14,0.7931,0
520,150,57,7,28,8,14,0,23,16,18,3,13,18,23,0.7955,0
521,60,20,2,8,2,8,1,11,4,4,1,5,6,8,0.8,0
522,156,63,15,24,10,14,1,24,18,20,3,14,20,26,0.7843,0
523,72,28,4,13,4,7,0,11,8,9,2,6,9,11,0.8095,0
524,32,9,1,2,3,3,0,6,1,2,1,2,4,2,0.875,0
525,1009,371,48,154,77,92,3,208,81,79,32,74,172,93,0.8141,3
526,17,6,0,4,0,2,0,3,0,3,0,1,3,2,0.8571,0
527,22,8,0,5,1,2,0,6,2,0,1,1,4,2,0.875,0
528,26,11,3,5,1,2,0,4,3,4,0,1,5,5,0.9091,0
529,177,65,8,28,10,19,0,29,18,18,1,11,25,28,0.9516,0
530,10,4,1,2,0,1,0,2,1,1,0,0,2,2,1,0
531,18,6,1,2,1,2,0,2,2,2,0,1,2,3,1,0
532,360,130,19,51,22,38,0,70,36,24,6,8,56,60,0.952,0
533,7,3,0,1,1,1,0,1,1,1,0,0,1,2,1,0
534,12,4,1,1,1,1,0,2,1,1,0,0,2,2,1,0
535,50,20,3,11,2,4,1,7,7,5,1,1,9,9,0.9474,0
536,26,11,2,6,1,2,0,5,4,2,0,1,5,5,0.9091,0
537,158,54,4,26,5,19,0,21,14,19,3,3,23,25,0.9474,0
538,184,63,4,32,8,19,0,29,16,18,3,4,27,29,0.9508,0
539,98,32,2,16,3,11,0,15,9,8,1,2,14,15,0.9333,0
540,55,22,4,8,5,5,0,7,5,10,0,4,8,10,0.9474,0
541,139,52,8,21,8,15,0,17,18,17,1,9,20,22,0.9583,0
542,80,32,3,18,4,7,1,10,10,11,0,6,12,14,0.9333,0
543,23,8,1,4,1,2,0,4,2,2,0,1,3,4,1,0
544,240,82,6,35,14,27,2,40,20,20,1,14,31,36,0.9452,0
545,7,2,0,1,0,1,0,1,0,1,0,0,1,1,1,0
546,13,4,0,2,1,1,0,2,0,2,0,1,1,2,1,0
547,0,0,0,0,0,0,0,0,0,0,0,0,0,0,0,0
548,2,1,0,1,0,0,0,0,1,0,0,0,1,0,1,0
549,2,1,0,1,0,0,0,0,0,1,0,0,1,0,1,0
550,36,13,1,6,2,4,0,7,4,2,1,3,4,5,0.8,0
551,17,6,1,2,1,2,0,2,2,2,0,1,2,3,0.8,0
552,78,30,4,15,4,7,0,12,8,10,2,7,9,12,0.7826,0
553,8,3,0,2,0,1,0,1,1,1,0,1,1,1,0.5,0
554,38,17,3,10,2,2,0,6,5,6,1,4,5,7,0.8,0
555,29,9,2,2,2,3,0,5,2,2,1,2,3,3,0.8182,0
556,23,8,2,2,2,2,0,3,2,3,1,2,2,3,0.8889,0
557,104,42,7,20,6,9,1,16,13,12,3,10,13,16,0.8545,0
558,352,122,16,43,26,37,7,78,20,17,10,28,38,46,0.8434,0
559,154,61,12,26,10,13,0,30,16,15,5,14,19,23,0.8358,3
560,68,26,5,12,4,5,0,12,7,7,2,6,8,10,0.8276,3
561,45,18,5,6,4,3,1,9,2,6,1,4,6,7,0.84,0
562,68,30,10,10,5,5,2,15,6,7,2,7,10,11,0.8378,0
563,1046,429,108,150,92,79,14,282,75,58,64,81,190,94,0.7374,0
564,925,346,60,126,67,93,21,246,46,33,53,64,156,73,0.7282,0
565,455,205,76,66,26,37,31,116,26,32,32,38,92,43,0.7348,0
566,0,0,0,0,0,0,0,0,0,0,0,0,0,0,0,0
567,0,0,0,0,0,0,0,0,0,0,0,0,0,0,0,0
568,0,0,0,0,0,0,0,0,0,0,0,0,0,0,0,0
569,0,0,0,0,0,0,0,0,0,0,0,0,0,0,0,0
570,2,1,0,1,0,0,0,1,0,0,0,0,0,1,1,0
571,54,18,4,3,7,4,0,10,6,2,0,3,5,10,0.9,0
572,92,34,7,11,8,8,0,8,11,15,0,5,9,20,0.875,0
573,349,150,41,57,24,28,1,60,38,51,0,22,39,89,0.877,0
574,357,133,18,57,24,34,1,62,28,42,0,19,35,79,0.8741,0
575,136,53,10,21,10,12,1,25,13,14,5,8,19,21,0.9216,0
576,287,120,29,50,14,27,1,50,21,48,9,18,44,49,0.945,0
577,17,8,2,4,0,2,0,2,1,5,1,1,3,3,1,0
578,12,4,0,2,1,1,1,1,1,1,0,0,2,2,1,0
579,425,161,24,76,19,42,1,67,38,55,11,21,61,68,0.9811,0
580,52,19,3,7,3,6,0,11,4,4,2,3,7,7,0.9444,0
581,0,0,0,0,0,0,0,0,0,0,0,0,0,0,0,0
582,95,39,6,20,7,6,0,12,12,15,3,6,14,16,0.9189,0
583,48,21,4,12,3,2,0,7,4,10,2,3,8,8,0.9,0
584,90,31,4,13,3,11,0,15,8,8,3,5,11,12,0.9286,0
585,397,137,14,59,17,47,1,74,34,28,12,21,49,55,0.916,0
586,712,261,27,122,54,58,3,120,68,70,18,34,98,111,0.9802,0
587,416,152,23,60,30,39,1,82,38,31,10,20,57,65,0.9854,0
588,44,18,2,9,3,4,1,10,3,4,0,3,7,8,0.9444,0
589,181,71,10,37,12,12,3,31,18,19,1,12,27,31,0.9437,0
590,282,111,14,59,14,24,2,61,26,22,2,19,42,48,0.9483,0
591,355,119,14,44,25,36,2,67,28,22,10,19,42,48,0.9189,0
592,145,50,5,20,9,16,1,26,11,12,4,8,18,20,0.9149,0
593,112,40,4,18,6,12,1,17,10,12,3,5,15,17,0.925,0
594,218,75,7,29,15,24,1,37,17,20,6,12,27,30,0.92,0
595,346,123,18,45,24,36,2,81,26,14,2,21,47,53,0.9524,0
596,173,67,8,33,11,15,3,36,12,16,1,11,26,29,0.942,0
597,150,58,8,28,9,13,2,31,12,13,1,10,22,25,0.9492,0
598,149,58,6,27,14,11,2,21,15,20,3,4,25,26,0.9444,0
599,117,39,3,17,7,12,0,17,11,11,2,2,17,18,0.9487,0
600,34,14,2,7,2,3,0,6,5,3,1,1,6,6,0.9231,0
601,36,14,2,7,2,3,0,6,5,3,1,1,6,6,0.9286,0
602,14,6,2,2,0,2,0,3,3,0,0,0,3,3,1,0
603,39,16,4,7,1,4,0,7,4,5,1,1,7,7,0.9375,0
604,11,5,1,2,2,0,0,1,2,2,0,0,3,2,1,0
605,197,68,10,29,7,22,0,35,17,16,3,4,30,31,0.9412,0
606,7,3,1,1,0,1,0,1,2,0,0,0,1,2,1,0
607,46,17,5,6,2,4,2,7,6,2,1,3,6,7,0.9231,0
608,127,50,12,18,8,12,0,30,10,10,4,8,18,20,0.9149,0
609,248,102,30,36,11,25,6,52,26,18,9,16,36,41,0.9149,0
610,98,48,12,29,4,3,0,15,5,28,4,8,17,19,0.9167,0
611,0,0,0,0,0,0,0,0,0,0,0,0,0,0,0,0
612,0,0,0,0,0,0,0,0,0,0,0,0,0,0,0,0
613,0,0,0,0,0,0,0,0,0,0,0,0,0,0,0,0
614,19,0,0,0,0,0,0,0,0,0,0,0,0,0,0,19
615,4,2,0,2,0,0,0,0,0,2,0,0,1,1,1,0
616,8,3,0,1,2,0,0,1,0,2,0,1,1,1,1,0
617,0,0,0,0,0,0,0,0,0,0,0,0,0,0,0,0
618,7,3,1,1,0,1,0,1,1,1,0,1,1,1,1,0
619,34,11,0,7,3,1,1,4,5,1,1,3,3,4,0.9091,0
620,23,7,0,4,0,3,0,5,1,1,1,2,2,2,1,0
621,1,1,1,0,0,0,0,0,1,0,0,0,1,0,1,0
622,16,7,1,4,1,1,1,5,1,0,2,1,3,1,0.7692,0
623,91,45,18,18,3,6,2,25,10,8,4,11,16,14,0.7391,0
624,54,43,35,6,1,1,2,4,8,29,21,11,9,2,0.2,0
625,3,2,1,1,0,0,1,1,0,0,1,1,0,0,1,0
626,25,11,3,4,2,2,5,5,0,1,5,3,2,1,0.3333,0
627,11,8,5,3,0,0,1,4,2,1,4,2,2,0,0.3333,0
628,0,0,0,0,0,0,0,0,0,0,0,0,0,0,0,0
629,0,0,0,0,0,0,0,0,0,0,0,0,0,0,0,0
630,20,11,4,5,2,0,4,7,0,0,5,3,2,1,1,0
631,0,0,0,0,0,0,0,0,0,0,0,0,0,0,0,0
632,138,54,16,21,7,10,8,31,9,6,26,14,11,3,0.2826,0
633,25,18,12,5,1,0,4,13,0,1,9,5,3,1,0.28,0
634,71,39,18,16,1,4,9,23,6,1,19,10,8,2,0.2703,0
635,0,0,0,0,0,0,0,0,0,0,0,0,0,0,0,0
636,0,0,0,0,0,0,0,0,0,0,0,0,0,0,0,0
637,45,18,4,7,4,3,0,13,4,1,6,7,4,1,0.2857,0
638,70,29,8,12,3,6,1,19,3,6,7,11,9,2,0.8929,0
639,209,83,22,29,16,16,1,48,17,17,19,31,27,6,0.875,0
640,97,40,13,12,7,8,4,17,13,6,9,15,13,3,0.8837,0
641,164,62,17,16,12,17,4,36,5,17,14,23,20,5,0.8772,0
643,15,6,2,1,1,2,0,5,1,0,1,2,2,1,0.8333,0
644,133,53,13,18,7,15,5,21,11,16,12,20,17,4,0.875,0
645,43,18,3,9,4,2,3,10,2,3,4,7,6,1,0.8824,0
646,103,40,7,14,10,9,2,22,11,5,14,15,8,3,0.3061,0
647,265,110,36,36,23,15,12,61,21,16,39,42,22,7,0.2945,0
648,98,46,19,12,8,7,7,20,10,9,16,18,9,3,0.3051,0
649,104,49,24,11,6,8,9,23,8,9,17,19,10,3,0.2985,0
650,197,81,20,34,14,13,7,53,15,6,28,31,17,5,0.297,0
651,76,21,3,6,2,10,2,11,5,3,7,9,4,1,0.2963,0
652,36,15,4,7,1,3,0,8,6,1,5,6,3,1,0.2857,0
653,57,27,12,6,3,6,2,20,4,1,13,7,5,2,0.2857,0
654,288,114,37,28,23,26,12,79,15,8,56,29,23,6,0.2792,0
655,210,91,40,18,14,19,3,53,23,12,44,24,18,5,0.2833,0
656,0,0,0,0,0,0,0,0,0,0,0,0,0,0,0,0
657,92,22,9,4,2,7,0,14,4,4,11,6,4,1,0.2609,34
658,232,92,29,28,14,21,10,49,21,12,45,24,18,5,0.2743,0
659,0,0,0,0,0,0,0,0,0,0,0,0,0,0,0,0
660,28,8,6,0,0,2,0,8,0,0,4,2,2,0,0.4286,0
661,0,0,0,0,0,0,0,0,0,0,0,0,0,0,0,0
662,0,0,0,0,0,0,0,0,0,0,0,0,0,0,0,0
663,30,5,3,0,2,0,0,4,0,1,3,1,1,0,0.2727,21
664,12,4,0,1,2,1,0,1,3,0,2,1,1,0,0.4286,0
665,28,14,7,3,1,3,2,9,2,1,6,4,3,1,0.2857,0
666,87,44,26,10,4,4,4,21,15,4,3,11,16,14,0.7447,8
667,86,39,11,17,6,5,0,12,16,11,3,10,14,12,0.725,0
668,49,26,10,10,5,1,4,11,10,1,5,5,7,9,0.7097,0
669,48,17,1,9,2,5,2,6,4,5,3,3,5,6,0.7222,0
670,35,14,4,3,3,4,0,9,4,1,1,5,6,2,0.8,0
671,0,0,0,0,0,0,0,0,0,0,0,0,0,0,0,0
672,44,22,8,7,6,1,1,13,7,1,2,8,9,3,0.7586,0
673,112,46,12,16,9,9,3,29,10,4,4,17,19,6,0.7692,0
674,95,40,12,13,6,9,0,22,8,10,3,15,17,5,0.7826,0
675,158,73,26,28,9,10,1,35,19,18,15,14,20,24,0.7215,0
676,93,36,6,15,6,9,1,14,13,8,3,9,13,11,0.7692,0
677,140,58,19,18,9,12,4,31,16,7,5,14,21,18,0.7586,4
678,121,42,9,13,9,11,9,21,6,6,21,11,8,2,0.2903,0
679,72,30,6,12,6,6,1,14,8,7,2,7,11,10,0.7742,0
680,26,12,1,8,3,0,4,3,3,2,1,3,4,4,0.6923,0
681,25,12,4,4,3,1,1,8,2,1,3,2,3,4,0.8333,0
682,167,80,32,26,8,14,10,48,7,15,16,15,22,27,0.7108,0
683,117,45,9,16,6,14,1,29,7,8,3,17,19,6,0.7755,0
684,102,43,12,16,7,8,0,25,10,8,3,16,18,6,0.7826,0
685,179,86,33,34,6,13,10,50,20,6,7,32,36,11,0.7802,0
686,97,35,9,12,7,7,0,19,11,5,3,13,15,4,0.775,9
687,200,79,23,26,13,17,4,47,15,13,16,15,22,26,0.7215,0
688,92,36,15,9,5,7,2,18,10,6,7,7,10,12,0.6923,5
689,30,11,5,1,1,4,0,8,1,2,1,3,4,3,0.6667,0
690,57,2,1,1,0,0,0,0,1,1,0,0,1,1,1,54
691,51,23,6,9,6,2,1,13,4,5,2,6,8,7,0.7407,0
692,68,29,9,9,4,7,3,11,7,8,6,5,8,10,0.7037,0
693,44,18,2,9,5,2,0,7,6,5,4,3,5,6,0.7,0
694,83,34,11,11,4,8,0,14,9,11,7,6,10,11,0.7059,0
695,100,42,13,15,5,9,3,30,2,7,14,8,14,6,0.7556,0
696,73,29,9,8,6,6,0,18,5,6,2,11,12,4,0.7667,0
697,145,55,16,16,4,19,1,33,13,8,18,10,19,8,0.7458,0
698,121,53,16,19,8,10,0,38,10,5,17,10,18,8,0.7414,0
699,159,70,24,23,13,10,3,38,19,10,23,13,24,10,0.7407,3
700,284,114,33,41,21,19,4,74,23,13,37,22,39,16,0.746,0
701,120,53,21,18,5,9,7,34,6,6,17,10,18,8,0.7407,0
702,344,128,24,51,20,33,0,66,31,31,9,17,44,58,0.8913,0
703,2,1,0,1,0,0,0,0,0,1,0,0,0,1,1,0
704,0,0,0,0,0,0,0,0,0,0,0,0,0,0,0,0
705,328,116,28,32,20,36,14,82,12,8,9,42,47,18,0.7793,10
706,0,0,0,0,0,0,0,0,0,0,0,0,0,0,0,0
707,0,0,0,0,0,0,0,0,0,0,0,0,0,0,0,0
708,603,262,61,121,38,42,2,81,68,111,19,34,90,119,0.8925,0
709,1953,618,66,189,116,247,10,425,93,90,44,81,213,280,0.8951,0
710,75,30,4,14,7,5,0,10,10,10,3,7,9,11,0.8889,0
711,63,25,3,13,3,6,2,12,4,7,3,6,7,9,0.8889,0
712,12,5,1,3,0,1,0,2,2,1,1,1,1,2,1,0
713,20,8,2,4,0,2,0,3,3,2,1,2,2,3,0.8889,0
714,114,47,9,24,3,11,1,20,13,13,5,11,13,18,0.8936,0
715,73,31,8,15,2,6,0,7,12,12,3,7,9,12,0.8788,0
716,14,7,3,3,0,1,0,5,1,1,1,2,2,2,0.8889,0
717,128,47,7,21,5,14,0,24,14,9,5,11,13,18,0.8824,0
718,66,26,5,11,5,5,0,13,6,7,3,6,7,10,0.8929,0
719,96,36,5,14,9,8,1,16,10,9,4,8,10,14,0.8947,0
720,12,5,1,2,1,1,0,1,2,2,1,1,1,2,1,0
721,19,7,1,3,1,2,0,2,2,3,2,2,2,1,0.6667,0
722,1387,618,188,238,95,97,117,289,136,76,162,157,165,134,0.6615,0
723,20,6,0,1,4,1,0,3,0,3,2,1,2,1,0.7143,0
724,0,0,0,0,0,0,0,0,0,0,0,0,0,0,0,0
725,12,6,1,4,1,0,0,0,2,4,2,1,2,1,0.625,0
726,1,0,0,0,0,0,0,0,0,0,0,0,0,0,0,0
727,1,0,0,0,0,0,0,0,0,0,0,0,0,0,0,0
728,85,26,4,8,4,10,1,17,4,4,2,3,9,12,0.8889,0
729,314,150,57,57,15,21,4,61,48,37,11,20,51,68,0.8917,0
730,93,40,11,17,6,6,1,27,6,6,10,17,10,3,0.2143,0
731,0,0,0,0,0,0,0,0,0,0,0,0,0,0,0,0
732,0,0,0,0,0,0,0,0,0,0,0,0,0,0,0,0
733,7,3,0,2,1,0,0,1,0,2,1,1,1,0,0.25,0
734,0,0,0,0,0,0,0,0,0,0,0,0,0,0,0,0
735,51,23,5,12,3,3,1,7,5,10,6,6,6,5,0.68,0
736,29,10,0,6,1,3,1,2,3,4,2,3,2,3,0.5,0
737,0,0,0,0,0,0,0,0,0,0,0,0,0,0,0,0
738,0,0,0,0,0,0,0,0,0,0,0,0,0,0,0,0
739,0,0,0,0,0,0,0,0,0,0,0,0,0,0,0,0
740,359,133,26,51,20,36,2,71,31,29,29,40,29,35,0.4534,0
741,175,72,8,42,9,13,0,30,19,23,16,21,16,19,0.4535,0
742,484,275,177,98,0,0,0,0,0,275,61,82,59,73,0.449,111
743,72,27,5,10,6,6,2,13,6,6,6,8,6,7,0.4375,0
744,561,225,46,100,25,54,4,111,50,60,50,67,48,60,0.4505,0
745,799,286,44,103,60,79,13,191,49,33,69,60,90,67,0.6875,5
746,796,355,120,129,48,58,7,134,79,135,85,155,86,29,0.2259,0
747,2,1,0,1,0,0,1,0,0,0,0,1,0,0,0,0
748,81,0,0,0,0,0,0,0,0,0,0,0,0,0,0,81
749,14,7,3,2,1,1,0,7,0,0,2,1,2,2,0.625,0
750,730,261,45,94,53,69,19,157,44,41,63,54,82,62,0.6892,15
751,361,187,91,55,18,23,24,86,35,42,45,39,59,44,0.6895,0
752,186,66,8,30,10,18,1,31,14,20,16,14,21,15,0.6885,0
753,99,36,9,14,3,10,0,16,8,12,2,17,13,4,0.7879,0
754,0,0,0,0,0,0,0,0,0,0,0,0,0,0,0,0
755,230,85,5,44,18,18,2,37,23,23,5,41,30,9,0.8,0
756,765,332,83,159,33,57,2,107,67,156,29,106,123,74,0.5859,5
757,6,3,1,1,0,1,0,1,1,1,0,1,1,1,0.6667,0
758,207,85,18,37,15,15,1,31,18,35,5,41,30,9,0.8052,5
759,215,91,19,41,17,14,2,51,15,23,6,43,32,10,0.8,0
760,89,30,7,8,4,11,0,17,5,8,7,10,11,2,0.6053,0
761,85,33,8,13,4,8,0,17,7,9,8,11,12,2,0.5897,0
762,273,91,12,30,19,30,3,52,18,18,21,31,32,7,0.5981,0
763,534,222,81,57,32,52,22,145,25,30,50,76,80,16,0.5944,0
764,238,84,23,18,14,29,3,59,11,11,20,18,36,10,0.3939,0
765,0,0,0,0,0,0,0,0,0,0,0,0,0,0,0,0
766,1,1,1,0,0,0,0,1,0,0,0,0,1,0,1,0
767,0,0,0,0,0,0,0,0,0,0,0,0,0,0,0,0
768,243,100,29,31,17,23,12,58,16,14,24,21,43,12,0.3867,0
769,0,0,0,0,0,0,0,0,0,0,0,0,0,0,0,0
770,201,73,16,23,13,21,5,51,8,9,18,15,31,9,0.3889,0
771,490,175,35,52,37,51,12,115,27,21,41,72,42,20,0.5251,0
772,436,180,60,61,31,28,21,99,34,26,41,62,64,13,0.5921,19
773,110,40,7,16,6,11,0,22,11,7,9,14,14,3,0.6042,0
774,158,56,10,23,6,17,1,34,13,8,13,23,14,6,0.5439,0
775,604,253,85,72,43,53,21,146,37,49,60,103,62,28,0.5257,0
776,261,89,12,33,17,27,2,42,17,28,20,31,32,6,0.6,0
777,149,57,12,23,8,14,3,27,12,15,14,23,14,6,0.5246,0
778,291,145,65,42,20,18,4,50,18,73,47,39,38,21,0.3833,0
779,599,254,77,90,39,48,8,116,50,80,81,69,67,37,0.3867,0
780,1122,390,72,126,75,117,23,256,64,47,15,83,197,95,0.7884,5
781,1394,465,77,135,93,160,35,349,46,35,18,99,235,113,0.7876,0
782,517,184,25,72,28,59,2,101,33,48,51,55,48,30,0.385,0
783,586,323,168,101,28,26,14,88,53,168,89,97,84,53,0.3887,9
784,1200,536,210,151,70,105,66,276,78,116,171,145,141,79,0.3839,0
785,122,50,16,14,7,13,1,24,6,19,16,14,13,7,0.381,0
786,229,106,44,30,14,18,10,50,14,32,34,28,28,16,0.3814,0
787,368,159,47,57,28,27,37,97,13,12,37,66,51,5,0.142,0
788,825,330,78,124,55,73,63,198,39,30,77,137,105,11,0.1457,0
789,114,42,8,14,9,11,2,25,9,6,10,20,11,1,0.3542,0
790,197,71,17,24,9,21,1,44,12,14,17,34,19,1,0.3462,0
791,389,131,29,36,23,43,15,66,18,32,31,62,35,3,0.3467,0
792,291,110,30,26,24,30,14,65,12,19,26,53,29,2,0.3571,0
793,264,104,30,28,23,23,13,57,16,18,24,50,28,2,0.3534,0
794,446,127,18,36,27,46,20,87,17,3,30,53,40,4,0.1507,47
795,216,78,21,16,18,23,8,51,8,11,18,37,21,2,0.3438,0
796,395,137,33,31,32,41,23,68,24,22,32,65,37,3,0.3537,0
797,354,120,23,35,21,41,8,88,15,9,29,25,51,15,0.3913,0
798,121,44,9,14,8,13,3,30,5,6,11,9,19,5,0.3939,0
799,2,1,0,1,0,0,0,0,1,0,0,1,0,0,1,0
800,29,10,2,3,2,3,1,5,2,2,2,5,2,1,1,0
801,266,88,14,27,19,28,5,60,13,10,18,45,18,7,0.9855,0
802,0,0,0,0,0,0,0,0,0,0,0,0,0,0,0,0
803,0,0,0,0,0,0,0,0,0,0,0,0,0,0,0,0
804,80,5,2,1,1,1,1,3,1,0,1,3,1,0,1,69
805,214,0,0,0,0,0,0,0,0,0,0,0,0,0,0,214
806,64,27,12,6,5,4,1,15,5,6,6,14,5,2,1,0
807,182,61,11,15,14,21,3,38,10,10,13,31,12,5,0.9787,0
808,107,42,10,16,4,12,6,17,10,9,9,22,8,3,0.9714,0
809,250,96,23,37,15,21,2,53,20,21,36,26,31,3,0.4766,5
810,160,71,32,16,9,14,3,39,14,15,15,36,14,6,0.9783,0
811,0,0,0,0,0,0,0,0,0,0,0,0,0,0,0,0
812,1,1,1,0,0,0,1,0,0,0,0,1,0,0,1,0
813,28,7,0,2,1,4,0,6,1,0,4,1,2,0,0.4444,0
814,137,63,26,16,10,11,3,37,13,10,31,12,16,4,0.5294,0
815,181,62,9,24,10,19,11,34,8,9,31,12,16,3,0.5333,0
816,0,0,0,0,0,0,0,0,0,0,0,0,0,0,0,0
817,55,24,10,5,4,5,3,17,3,1,9,6,8,1,0.5,0
818,107,54,24,17,6,7,4,26,10,14,20,15,17,2,0.4691,0
819,41,19,7,6,2,4,1,9,3,6,7,5,6,1,0.4643,0
820,379,134,34,37,24,39,15,70,25,24,50,37,43,4,0.4813,0
821,0,0,0,0,0,0,0,0,0,0,0,0,0,0,0,0
822,563,290,150,71,31,38,43,159,43,45,107,80,93,10,0.48,0
823,473,183,62,46,32,43,19,104,31,29,50,56,47,30,0.3873,0
824,181,141,116,16,5,4,4,30,9,98,39,43,36,23,0.3878,0
825,195,123,84,18,9,12,11,54,31,27,34,37,32,20,0.3922,0
826,0,0,0,0,0,0,0,0,0,0,0,0,0,0,0,0
827,53,20,5,5,4,6,5,10,3,2,7,5,5,3,0.5833,0
828,100,30,6,8,3,13,2,19,7,2,14,6,8,2,0.5263,0
829,179,69,20,20,11,18,5,45,10,9,34,13,18,4,0.5357,0
830,108,38,10,9,4,15,3,22,10,3,19,7,10,2,0.5435,0
831,54,18,7,2,2,7,1,8,8,1,9,3,5,1,0.5172,4
832,24,10,3,2,3,2,0,8,1,1,5,2,3,0,0.5,0
833,233,97,31,33,17,16,5,46,20,26,48,19,25,5,0.5323,0
834,21,14,8,5,1,0,1,4,2,7,6,3,4,1,0.5,0
835,174,66,22,15,10,19,10,36,12,8,22,17,16,11,0.6027,0
836,179,71,17,27,10,17,4,40,14,13,24,18,17,12,0.6092,0
837,87,30,5,12,6,7,0,18,3,9,10,8,7,5,0.5946,0
838,0,0,0,0,0,0,0,0,0,0,0,0,0,0,0,0
839,223,61,15,17,15,14,2,32,10,17,17,18,16,10,0.3968,52
840,12,4,1,2,0,1,0,2,1,1,1,1,1,1,0.75,0
841,77,26,4,9,4,9,2,12,7,5,9,7,6,4,0.6364,0
842,171,67,11,31,11,14,11,33,15,8,22,17,16,12,0.6154,0
843,0,0,0,0,0,0,0,0,0,0,0,0,0,0,0,0
844,72,30,6,14,4,6,0,13,10,7,14,6,8,2,0.5333,0
845,157,76,35,19,10,12,1,38,16,21,7,15,35,19,0.8182,0
846,0,0,0,0,0,0,0,0,0,0,0,0,0,0,0,0
847,0,0,0,0,0,0,0,0,0,0,0,0,0,0,0,0
848,188,85,19,45,11,10,11,40,19,15,28,22,20,15,0.6,0
849,100,37,9,16,4,8,2,19,10,6,12,10,9,6,0.6042,11
850,97,46,12,23,5,6,1,11,12,22,15,12,11,8,0.5849,0
851,243,101,30,35,19,17,6,41,28,26,34,26,24,17,0.6014,0
852,227,87,10,42,17,18,0,48,16,23,24,26,23,14,0.3889,0
853,2,1,0,1,0,0,0,1,0,0,0,0,1,0,1,0
854,0,0,0,0,0,0,0,0,0,0,0,0,0,0,0,0
855,37,17,4,9,1,3,0,6,5,6,3,3,8,3,0.7273,0
856,712,289,75,103,41,70,9,161,54,65,44,54,130,61,0.7315,0
857,670,219,23,77,44,75,3,166,32,18,34,40,99,46,0.7323,0
858,21,8,2,2,2,2,0,3,4,1,1,2,3,2,0.8,0
859,0,0,0,0,0,0,0,0,0,0,0,0,0,0,0,0
860,116,38,2,17,7,12,1,23,6,8,3,9,12,14,0.8519,0
861,38,14,2,6,2,4,0,6,3,5,1,3,4,6,0.875,0
862,12,4,1,1,1,1,0,2,1,1,0,1,1,2,0.8,0
863,6,3,1,1,1,0,0,0,1,2,0,1,1,1,0.75,0
864,8,3,1,1,1,0,2,1,0,0,0,1,1,1,0.75,0
865,32,11,2,5,2,2,1,5,2,3,1,2,4,4,0.8667,0
866,3,1,0,0,0,1,1,0,0,0,0,0,1,0,1,0
867,7,2,0,0,0,2,0,2,0,0,0,0,1,1,0.8333,0
868,0,0,0,0,0,0,0,0,0,0,0,0,0,0,0,0
869,45,29,13,16,0,0,0,6,11,12,5,5,13,6,1,0
870,77,35,12,14,3,6,3,14,7,11,5,7,16,7,0.7273,0
871,199,77,15,33,14,15,3,31,14,29,12,14,35,16,0.7286,0
872,0,0,0,0,0,0,0,0,0,0,0,0,0,0,0,0
873,241,86,18,28,12,28,0,52,13,21,13,16,39,18,0.7273,0
874,2,1,1,0,0,0,1,0,0,0,0,0,1,0,1,0
875,3,1,0,0,0,1,1,0,0,0,0,0,1,0,1,0
876,3,1,0,0,0,1,1,0,0,0,0,0,1,0,1,0
877,27,11,5,2,1,3,0,4,2,5,1,2,4,4,0.8667,0
878,8,3,0,2,0,1,0,1,1,1,0,1,1,1,1,0
879,20,7,1,3,1,2,1,2,2,2,1,1,2,3,0.8333,0
880,14,8,3,4,1,0,0,2,1,5,1,2,2,3,0.8333,0
881,15,6,1,3,0,2,0,1,2,3,1,1,2,2,0.8333,0
882,12,5,0,4,0,1,0,1,1,3,0,1,2,2,1,0
883,3,3,2,1,0,0,0,1,1,1,0,1,1,1,1,0
884,0,0,0,0,0,0,0,0,0,0,0,0,0,0,0,0
885,4,1,1,0,0,0,0,1,0,0,0,0,1,0,1,0
886,0,0,0,0,0,0,0,0,0,0,0,0,0,0,0,0
887,11,4,1,1,0,2,0,2,1,1,0,1,2,1,0.6667,0
888,104,35,0,17,8,10,1,17,9,8,3,8,11,13,0.8444,0
889,180,69,11,27,16,15,0,32,13,24,11,13,31,14,0.7288,0
890,0,0,0,0,0,0,0,0,0,0,0,0,0,0,0,0
891,170,62,10,26,12,14,3,26,15,18,5,14,20,23,0.8395,0
892,7,2,0,1,0,1,0,1,1,0,0,0,1,1,1,0
893,19,7,1,3,1,2,0,3,0,4,0,2,2,3,0.9,0
894,40,10,0,3,2,5,0,6,3,1,1,2,3,4,0.8889,0
895,7,2,0,1,0,1,0,2,0,0,0,0,1,1,1,0
896,0,0,0,0,0,0,0,0,0,0,0,0,0,0,0,0
897,2,1,0,1,0,0,0,0,1,0,0,0,0,1,1,0
898,10,4,0,3,1,0,0,1,1,2,0,1,1,2,0.75,0
899,10,4,0,3,1,0,0,1,1,2,0,1,1,2,0.75,0
900,36,15,4,5,2,4,0,6,4,5,1,3,5,6,0.8667,0
901,13,6,1,4,0,1,0,3,1,2,1,1,2,2,0.8889,0
902,57,23,4,12,3,4,0,11,3,9,6,6,6,5,0.68,0
903,7,2,0,1,0,1,0,2,0,0,0,1,1,0,0.5,0
904,18,9,3,3,2,1,1,4,2,2,2,2,3,2,0.6667,0
905,14,7,3,2,2,0,0,3,2,2,2,2,2,1,0.7143,0
906,8,3,0,2,0,1,1,1,1,0,1,1,1,0,1,0
907,16,5,0,2,1,2,0,2,2,1,2,1,1,1,0.7143,0
908,30,11,2,5,1,3,1,5,2,3,3,3,3,2,0.6,0
909,54,19,4,8,2,5,1,8,4,6,5,5,5,4,0.6667,0
910,0,0,0,0,0,0,0,0,0,0,0,0,0,0,0,0
911,0,0,0,0,0,0,0,0,0,0,0,0,0,0,0,0
912,26,11,3,6,1,1,0,7,0,4,3,3,3,2,0.7143,0
913,0,0,0,0,0,0,0,0,0,0,0,0,0,0,0,0
914,3,1,1,0,0,0,0,1,0,0,0,1,0,0,0,0
915,594,200,27,54,57,62,29,119,28,24,48,87,48,17,0.2242,0
916,245,97,23,33,18,23,2,60,15,20,10,30,35,22,0.6,0
917,76,33,6,17,6,4,1,15,9,8,3,11,12,7,0.5833,0
918,248,86,11,29,22,24,4,56,16,10,13,16,39,18,0.7342,0
919,102,38,7,14,6,11,1,20,9,8,3,6,14,15,0.9167,0
920,0,0,0,0,0,0,0,0,0,0,0,0,0,0,0,0
921,1,1,1,0,0,0,0,0,1,0,0,0,1,0,1,0
922,48,16,2,5,3,6,2,6,3,5,4,4,4,4,0.6667,0
923,70,30,12,9,4,5,1,17,5,7,8,8,8,6,0.6667,0
924,1,1,1,0,0,0,0,0,0,1,0,0,1,0,1,0
1100,5,2,0,1,1,0,1,0,1,0,0,0,1,1,1,0
1101,16,8,2,4,1,1,1,3,1,3,1,2,4,1,0.6667,0
1103,98,47,19,13,8,7,10,20,8,9,6,11,24,6,0.6724,0
1104,135,66,23,23,14,6,17,27,9,13,9,16,33,8,0.6512,0
1105,80,33,4,19,6,4,0,12,8,13,6,14,8,5,0.7436,0
1106,126,42,9,12,8,13,4,22,5,11,6,10,21,5,0.6471,0
1107,16,8,3,3,1,1,0,4,3,1,2,3,2,1,0.8333,0
1108,170,62,14,21,7,20,3,34,11,14,8,16,31,7,0.6538,0
1109,126,44,11,13,8,12,0,23,7,14,18,8,16,2,0.629,0
1110,255,73,11,19,15,28,5,46,13,9,29,14,27,3,0.6396,17
1111,189,83,30,22,18,13,2,39,19,23,16,32,23,12,0.732,0
1112,5,2,0,1,1,0,0,1,1,0,1,0,1,0,1,0
1113,4,2,0,2,0,0,0,2,0,0,1,0,1,0,1,0
1114,146,59,16,23,10,10,2,31,11,15,26,12,17,4,0.5625,0
1115,532,199,30,80,45,44,9,118,35,37,87,42,56,14,0.5607,0
1116,161,57,8,18,17,14,1,26,16,14,8,14,29,6,0.6567,0
1117,189,84,35,18,13,18,8,48,11,17,36,18,24,6,0.5607,0
1118,59,17,2,6,1,8,0,8,6,3,7,4,5,1,0.5455,0
1119,153,53,6,19,14,14,8,24,14,7,7,13,27,6,0.6508,0
1120,297,89,18,36,18,17,14,56,6,13,12,22,45,10,0.6607,74
1121,322,116,25,39,16,36,9,53,15,39,50,24,33,9,0.5629,0
1122,568,287,148,65,36,38,17,102,32,136,125,60,81,21,0.5607,6
1123,170,60,14,12,13,21,4,28,8,20,24,11,22,3,0.6333,0
1124,168,79,33,25,10,11,4,43,9,23,32,15,29,3,0.6396,0
1125,71,27,7,8,5,7,0,20,3,4,11,5,10,1,0.6512,0
1126,144,55,19,15,11,10,5,29,10,11,23,10,20,2,0.6374,13
1127,43,13,5,3,1,4,1,9,2,1,5,2,5,1,0.6471,0
1128,26,15,9,3,2,1,1,11,2,1,6,3,5,1,0.6316,0
1129,18,6,2,1,1,2,1,2,1,2,3,1,2,0,0.6667,0
1130,20,8,2,3,1,2,1,3,1,3,3,2,3,0,0.5714,0
1131,402,153,51,39,24,39,10,96,19,28,26,64,40,23,0.7527,0
1132,94,34,13,13,2,6,1,21,6,6,6,14,9,5,0.75,20
1133,19,12,8,2,1,1,2,9,1,0,4,2,4,2,1,0
1134,125,56,22,17,5,12,1,27,15,13,17,12,20,7,0.623,0
1135,17,12,9,1,2,0,1,8,1,2,4,2,4,2,0.7143,0
1136,114,34,11,8,7,8,1,20,8,5,11,7,12,4,0.6053,22
1137,474,179,41,65,29,44,12,94,34,39,30,75,47,27,0.7512,0
1138,618,263,85,92,40,46,18,112,44,89,80,56,94,33,0.6187,0
1139,351,125,32,34,24,35,2,70,24,29,38,27,44,16,0.6194,5
1140,83,35,9,15,4,7,0,15,11,9,4,7,12,12,0.7857,0
1141,0,0,0,0,0,0,0,0,0,0,0,0,0,0,0,0
1142,10,3,0,1,1,1,0,0,1,2,0,1,1,1,1,0
1143,92,34,6,15,4,9,0,19,4,11,4,6,12,12,0.7778,0
1144,3,1,0,0,1,0,0,0,0,1,0,0,0,1,1,0
1145,426,150,28,46,32,44,4,91,19,36,16,29,52,53,0.7742,8
1146,565,213,40,86,38,49,6,106,31,70,79,47,53,34,0.712,3
1147,411,141,25,44,27,45,17,81,25,18,15,27,49,50,0.7752,1
1148,9,4,0,3,1,0,0,0,0,4,2,1,1,0,0.8,0
1149,324,154,74,39,18,23,6,63,18,67,72,35,33,14,0.6742,5
1150,88,36,7,15,7,7,0,20,2,14,17,8,8,3,0.6842,0
1151,59,24,6,7,6,5,2,17,1,4,11,6,5,2,0.6667,0
1152,160,97,62,21,5,9,4,32,12,49,45,22,21,9,0.6818,0
1153,403,157,41,49,30,37,51,76,19,11,39,45,69,4,0.6491,0
1154,348,151,40,59,27,25,8,83,28,32,37,43,67,4,0.6475,5
1155,183,79,25,27,13,14,5,49,14,11,19,23,35,2,0.6463,0
1156,181,76,19,33,9,15,2,35,14,25,19,22,33,2,0.6471,0
1157,300,120,31,39,27,23,2,65,23,30,11,25,49,35,0.8797,0
1158,1121,402,78,147,64,113,13,185,82,122,37,83,166,116,0.8795,5
1159,0,0,0,0,0,0,0,0,0,0,0,0,0,0,0,0
1160,52,21,4,9,4,4,0,11,6,4,2,4,10,5,0.7826,0
1161,485,162,28,42,33,59,3,107,24,28,18,31,56,57,0.7734,0
1162,293,109,29,34,21,25,7,58,14,30,12,21,38,38,0.7755,3
1163,136,60,21,19,11,9,6,26,13,15,22,15,11,12,0.5753,0
1164,325,140,52,39,26,23,8,53,21,58,51,36,25,28,0.573,0
1165,62,34,20,8,4,2,4,14,9,7,12,9,6,7,0.5641,4
1166,35,14,4,8,0,2,0,9,2,3,4,4,6,0,0.6154,0
1167,72,30,10,8,5,7,0,15,7,8,7,9,13,1,0.6552,0
1168,346,128,31,43,21,33,7,60,32,29,31,36,57,4,0.6504,0
1169,82,33,13,8,4,8,0,14,6,13,8,9,15,1,0.6667,0
1170,593,193,31,61,37,64,9,132,25,27,36,67,66,24,0.672,11
1171,995,372,74,141,59,98,17,194,66,95,71,128,126,47,0.6709,0
1172,343,171,72,64,14,21,5,55,26,85,59,46,33,33,0.583,0
1173,97,40,13,10,8,9,9,22,5,4,15,10,7,8,0.5652,0
1174,203,100,33,48,10,9,0,17,16,67,19,35,34,12,0.6667,0
1175,809,297,52,117,44,84,9,142,55,91,55,104,102,36,0.6747,0
1176,0,0,0,0,0,0,0,0,0,0,0,0,0,0,0,0
1177,132,68,26,31,7,4,0,16,11,41,24,11,23,10,0.5135,2
1178,139,50,6,23,10,11,2,21,10,17,17,8,17,8,0.5185,0
1179,424,162,24,73,32,33,2,62,29,69,56,26,55,25,0.5233,0
1180,12,4,2,0,1,1,0,1,1,2,0,1,1,2,0.8,0
1181,24,8,0,6,0,2,0,2,0,6,2,2,2,2,0.6667,0
1182,227,77,12,26,14,25,4,43,12,18,22,17,23,15,0.6429,0
1183,331,118,34,31,13,40,5,69,17,27,33,26,36,23,0.6484,0
1184,99,41,12,18,3,8,0,15,7,19,12,9,12,8,0.6364,0
1185,105,38,11,9,7,11,0,20,3,15,13,6,13,6,0.525,0
1186,66,26,4,12,4,6,1,8,8,9,2,3,8,13,0.875,0
1187,56,23,4,10,5,4,0,8,7,8,2,2,7,12,0.9048,0
1188,164,64,17,26,6,15,2,27,11,24,18,14,19,13,0.6512,0
1189,145,62,10,37,5,10,1,26,10,25,17,14,19,12,0.6444,0
1190,52,13,0,4,2,7,0,6,5,2,1,1,4,7,0.9231,0
1191,149,66,13,34,10,9,0,31,14,21,10,27,20,9,0.5263,0
1192,270,94,15,30,26,23,5,50,24,15,28,20,28,18,0.625,0
1193,112,86,67,15,2,2,0,8,11,67,34,16,32,4,0.6,0
1194,288,131,42,53,14,22,5,50,28,48,36,29,40,26,0.65,1
1195,191,95,40,34,10,11,1,28,27,39,26,21,29,19,0.6486,0
1200,23,9,0,6,1,2,0,3,2,4,1,3,4,1,0.625,0
1201,0,0,0,0,0,0,0,0,0,0,0,0,0,0,0,0
1202,6,2,0,1,1,0,0,1,0,1,0,1,1,0,0.6667,0
1203,18,7,2,2,1,2,0,4,2,1,1,2,3,1,0.625,0
1204,0,0,0,0,0,0,0,0,0,0,0,0,0,0,0,0
1205,0,0,0,0,0,0,0,0,0,0,0,0,0,0,0,0
1206,109,37,2,18,4,13,2,20,10,5,4,10,17,6,0.6053,0
1207,18,6,1,3,0,2,1,1,2,2,0,2,3,1,0.5714,0
1208,500,169,30,57,24,58,6,90,31,42,17,48,77,27,0.59,0
1209,11,3,2,0,0,1,0,1,2,0,0,1,1,1,1,0
1210,160,59,9,23,10,17,0,38,10,11,6,17,27,9,0.597,0
1211,257,90,11,42,18,19,4,53,11,22,9,25,41,15,0.5918,3
1220,189,76,13,32,17,14,2,39,17,18,8,26,18,24,0.7692,0
1221,659,302,70,157,38,37,4,110,61,127,31,106,65,100,0.7653,0
1222,538,250,70,123,27,30,5,70,67,108,61,64,80,45,0.7362,0
1223,47,22,9,8,1,4,2,9,5,6,2,6,10,4,0.5455,0
1224,336,128,18,59,23,28,3,58,28,39,28,33,40,27,0.753,0
1225,4,2,0,2,0,0,0,0,1,1,1,0,1,0,1,0
1226,227,111,42,42,12,15,0,43,30,38,11,31,51,18,0.5956,0
1227,14,6,2,2,0,2,0,3,1,2,0,2,3,1,0.5714,0
1228,16,5,1,2,0,2,0,2,0,3,1,1,2,1,0.5,0
1229,71,30,5,15,5,5,0,10,10,10,3,8,14,5,0.5758,0
1230,9,3,0,1,1,1,0,2,1,0,0,1,1,1,0.5,0
1231,26,9,0,4,3,2,0,3,3,3,1,1,4,3,0.7,0
1232,25,11,4,3,1,3,0,5,3,3,1,3,5,2,0.5455,0
1233,39,13,1,6,2,4,0,8,2,3,1,3,6,3,0.6429,0
1234,5,2,0,1,0,1,0,1,0,1,0,0,1,1,1,0
1235,73,21,2,6,4,9,1,12,6,2,1,3,9,8,0.84,0
1236,82,29,5,8,8,8,0,17,6,6,1,4,13,11,0.8519,0
1237,78,28,6,8,7,7,0,13,7,8,3,5,10,10,0.7917,0
1238,29,9,1,5,0,3,0,4,1,4,1,1,4,3,0.875,0
1239,39,18,4,10,2,2,0,8,5,5,1,3,8,6,0.85,0
1240,96,36,9,18,1,8,2,14,8,12,2,5,16,13,0.8421,0
1241,29,14,1,11,2,0,0,5,6,3,1,2,6,5,0.8571,0
1242,63,23,2,13,3,5,1,9,5,8,1,4,10,8,0.8571,0
1243,49,13,2,3,2,6,0,8,1,4,0,2,6,5,0.8667,0
1244,141,53,10,19,14,10,1,23,11,18,3,8,21,21,0.8421,0
1245,185,69,9,35,7,18,2,26,12,29,8,15,24,22,0.8413,0
1246,156,63,16,25,11,11,0,28,16,19,6,9,19,29,0.8243,0
1247,200,81,16,31,21,13,4,31,23,23,4,12,36,29,0.8415,0
1248,134,53,8,27,8,10,1,20,9,23,3,8,23,19,0.8475,0
1249,85,32,8,11,6,7,2,14,6,10,5,10,9,8,0.8056,0
1250,114,45,9,22,6,8,0,20,17,8,2,7,19,17,0.84,0
1251,50,15,1,6,2,6,0,8,2,5,2,2,6,5,0.7692,0
1252,25,8,2,2,2,2,0,4,2,2,1,1,3,3,0.7143,0
1253,110,38,7,12,8,11,0,19,8,11,4,7,14,13,0.7812,0
1254,311,117,22,41,24,30,2,64,25,26,17,48,36,16,0.5148,0
1255,119,42,9,12,7,14,0,18,9,15,6,17,13,6,0.5208,0
1256,330,132,18,68,24,22,7,51,31,43,19,54,41,18,0.5187,0
1257,128,54,14,24,6,10,2,26,12,14,12,15,13,14,0.7937,0
1258,237,84,18,27,18,21,2,30,24,28,18,24,21,21,0.8,4
1259,269,94,17,35,16,26,0,41,28,25,21,26,23,24,0.7981,0
1260,243,88,14,36,14,24,1,34,21,32,18,24,24,22,0.7956,0
1290,177,61,8,24,14,15,1,33,16,11,8,19,20,14,0.6716,1
1291,120,40,7,13,7,13,1,25,6,8,4,14,14,8,0.6333,0
1292,542,196,43,67,34,52,2,103,46,45,32,61,67,36,0.7918,4
1293,2329,788,114,273,149,252,38,481,136,133,132,244,269,143,0.7526,0
