TAZ,POPBASE,HHBASE,HHSIZE1,HHSIZE2,HHSIZE3,HHSIZE4,HHAGE1,HHAGE2,HHAGE3,HHAGE4,HHINC1,HHINC2,HHINC3,HHINC4,OSUFAM,OSUNFAM,STATEFP,COUNTYFP,TRACTCE,TRACTGEOID,PUMA,REGION,MAZ,xTAZ
100,152,57,11,23,6,17,0,24,18,15,5,7,24,21,2,0,41,3,10200,41003010200,600,1,1,12
101,874,295,41,84,71,99,6,225,44,20,24,38,122,111,17,1,41,3,10200,41003010200,600,1,2,12
102,12,5,1,3,0,1,1,4,0,0,0,1,2,2,0,0,41,3,10200,41003010200,600,1,3,12
103,34,16,5,7,2,2,0,3,8,5,1,2,7,6,0,0,41,3,10200,41003010200,600,1,4,12
104,2,1,0,1,0,0,0,1,0,0,0,0,1,0,0,0,41,3,10200,41003010200,600,1,5,12
105,128,50,5,29,8,8,1,22,19,8,3,7,14,26,2,0,41,3,10200,41003010200,600,1,6,12
106,284,115,14,67,14,20,1,47,35,32,3,10,21,81,7,2,41,3,500,41003000500,600,1,7,4
107,79,37,7,23,2,5,0,14,9,14,2,6,7,22,2,1,41,3,10200,41003010200,600,1,8,12
108,86,37,9,19,3,6,0,12,11,14,1,3,7,26,3,2,41,3,500,41003000500,600,1,9,4
109,280,138,58,52,11,17,9,60,36,33,27,29,51,31,10,6,41,3,500,41003000500,600,1,10,4
110,19,9,3,3,2,1,0,4,3,2,4,2,2,1,1,1,41,3,600,41003000600,600,1,11,5
111,0,0,0,0,0,0,0,0,0,0,0,0,0,0,0,0,41,3,600,41003000600,600,1,12,5
112,13,5,2,1,1,1,0,2,2,1,2,1,1,1,1,1,41,3,600,41003000600,600,1,13,5
113,0,0,0,0,0,0,0,0,0,0,0,0,0,0,0,0,41,3,600,41003000600,600,1,14,5
114,0,0,0,0,0,0,0,0,0,0,0,0,0,0,0,0,41,3,600,41003000600,600,1,15,5
115,218,103,40,39,9,15,6,41,26,30,39,24,27,13,12,28,41,3,600,41003000600,600,1,16,5
116,633,245,50,83,55,57,7,142,49,47,93,57,63,32,30,47,41,3,600,41003000600,600,1,17,5
117,852,386,138,158,55,35,73,165,48,100,147,90,99,50,40,78,41,3,600,41003000600,600,1,18,5
118,153,60,10,26,12,12,4,28,13,15,23,14,15,8,7,10,41,3,600,41003000600,600,1,19,5
119,289,108,20,37,21,30,7,73,14,14,24,45,25,14,15,29,41,3,600,41003000600,600,1,20,5
120,419,170,39,62,35,34,13,97,29,31,33,77,38,22,20,30,41,3,600,41003000600,600,1,21,5
121,1129,571,213,226,82,50,82,277,61,151,110,260,129,72,56,109,41,3,600,41003000600,600,1,22,5
122,0,0,0,0,0,0,0,0,0,0,0,0,0,0,0,0,41,3,600,41003000600,600,1,23,5
123,41,16,3,7,2,4,0,9,3,4,2,3,4,7,2,2,41,3,500,41003000500,600,1,24,4
124,100,34,4,11,10,9,0,18,8,8,3,5,9,17,4,3,41,3,400,41003000400,600,1,25,3
125,216,69,4,30,9,26,0,40,16,13,5,10,19,35,7,4,41,3,400,41003000400,600,1,26,3
126,180,61,5,30,7,19,1,25,22,13,2,6,12,41,9,13,41,3,900,41003000900,600,1,27,6
127,2241,920,208,386,136,190,32,386,225,277,73,130,255,462,118,250,41,3,400,41003000400,600,1,28,3
128,423,155,28,48,33,46,9,114,25,7,12,22,43,78,23,51,41,3,400,41003000400,600,1,29,3
129,978,441,134,174,76,57,27,210,108,96,125,119,85,112,53,131,41,3,400,41003000400,600,1,30,3
130,353,141,28,58,30,25,2,62,40,37,18,25,38,60,16,23,41,3,500,41003000500,600,1,31,4
131,2,1,0,1,0,0,0,0,1,0,0,0,0,1,0,0,41,3,500,41003000500,600,1,32,4
132,414,197,110,43,18,26,2,44,24,127,25,35,53,84,17,24,41,3,500,41003000500,600,1,33,4
133,313,125,31,49,14,31,11,57,23,34,27,37,32,29,16,36,41,3,1001,41003001001,600,1,34,7
134,0,0,0,0,0,0,0,0,0,0,0,0,0,0,0,0,41,3,1001,41003001001,600,1,35,7
135,438,156,30,56,25,45,28,93,22,13,34,46,40,36,24,63,41,3,1001,41003001001,600,1,36,7
136,414,214,92,74,28,20,10,67,31,106,46,63,55,50,21,42,41,3,1001,41003001001,600,1,37,7
137,958,446,177,135,66,68,57,266,67,56,184,65,111,86,51,119,41,3,1001,41003001001,600,1,38,7
138,424,168,41,65,24,38,7,86,42,33,69,25,42,32,24,62,41,3,1001,41003001001,600,1,39,7
139,864,425,159,156,64,46,72,245,40,68,120,115,82,108,50,149,41,3,400,41003000400,600,1,40,3
140,0,0,0,0,0,0,0,0,0,0,0,0,0,0,0,0,41,3,400,41003000400,600,1,41,3
141,2,1,0,1,0,0,0,0,1,0,1,0,0,0,0,0,41,3,400,41003000400,600,1,42,3
142,143,55,12,16,13,14,5,31,9,10,15,15,11,14,9,33,41,3,400,41003000400,600,1,43,3
143,588,252,60,114,36,42,5,95,55,97,29,49,51,123,35,109,41,3,400,41003000400,600,1,44,3
144,484,196,34,83,42,37,4,65,44,83,23,38,39,96,30,99,41,3,400,41003000400,600,1,45,3
145,675,309,111,111,36,51,50,173,38,48,56,22,85,146,37,88,41,3,400,41003000400,600,1,46,3
146,495,205,42,84,38,41,10,94,57,44,39,79,41,46,24,46,41,3,900,41003000900,600,1,47,6
147,327,122,18,49,22,33,0,62,27,33,4,12,24,82,15,20,41,3,900,41003000900,600,1,48,6
148,376,151,23,74,26,28,0,58,47,46,5,15,29,102,16,19,41,3,900,41003000900,600,1,49,6
149,122,49,3,29,8,9,1,17,17,14,2,5,9,33,5,5,41,3,900,41003000900,600,1,50,6
150,44,18,5,8,1,4,2,9,3,4,1,2,3,12,2,5,41,3,900,41003000900,600,1,51,6
151,0,0,0,0,0,0,0,0,0,0,0,0,0,0,0,0,41,3,900,41003000900,600,1,52,6
152,1130,632,287,245,60,40,234,317,54,27,120,243,127,142,74,325,41,3,900,41003000900,600,1,53,6
153,1111,441,70,198,79,94,4,218,115,104,80,30,122,209,66,197,41,3,400,41003000400,600,1,54,3
154,329,129,19,61,19,30,1,37,45,46,24,50,26,29,22,102,41,3,900,41003000900,600,1,55,6
155,162,65,14,27,10,14,3,23,19,20,9,7,21,28,9,40,41,3,900,41003000900,600,1,56,6
156,186,76,17,35,9,15,2,27,15,32,11,8,24,33,12,39,41,3,900,41003000900,600,1,57,6
157,470,196,40,84,38,34,15,72,45,64,28,22,62,84,28,123,41,3,900,41003000900,600,1,58,6
158,229,92,15,38,22,17,9,40,21,22,41,22,11,18,13,62,41,3,1002,41003001002,600,1,59,8
159,280,128,37,52,22,17,11,68,27,22,30,14,74,10,18,61,41,3,1002,41003001002,600,1,60,8
160,405,159,39,55,29,36,7,73,32,47,37,18,92,12,24,68,41,3,1002,41003001002,600,1,61,8
161,48,11,1,5,2,3,1,6,3,1,3,1,6,1,2,3,41,3,1002,41003001002,600,1,62,8
162,92,34,7,11,5,11,1,19,3,11,8,4,20,2,5,15,41,3,1002,41003001002,600,1,63,8
165,505,245,114,67,24,40,70,141,21,13,132,75,25,13,33,151,41,3,1001,41003001001,600,1,64,7
166,371,157,38,66,27,26,7,71,27,52,27,46,45,39,23,80,41,3,1002,41003001002,600,1,65,8
167,343,147,42,58,25,22,18,84,30,15,25,43,42,37,22,87,41,3,1002,41003001002,600,1,66,8
168,506,224,68,81,38,37,76,104,30,14,39,65,64,56,29,128,41,3,1002,41003001002,600,1,67,8
169,139,60,19,22,8,11,4,29,14,13,10,18,17,15,9,31,41,3,1002,41003001002,600,1,68,8
170,746,317,70,142,48,57,103,129,37,48,140,76,38,63,47,271,41,3,1002,41003001002,600,1,69,8
173,231,115,57,49,4,5,67,42,3,3,69,4,32,10,14,115,41,3,1101,41003001101,600,1,70,9
178,534,231,66,89,30,46,126,83,14,8,75,30,74,52,33,186,41,3,1102,41003001102,600,1,71,10
179,68,34,9,17,7,1,12,15,3,4,6,11,12,5,4,21,41,3,1102,41003001102,600,1,72,10
180,471,186,47,64,31,44,19,92,37,38,35,59,64,28,27,112,41,3,1102,41003001102,600,1,73,10
181,18,10,3,6,1,0,2,3,3,2,2,3,3,2,1,4,41,3,1102,41003001102,600,1,74,10
182,402,172,41,76,27,28,40,71,39,22,57,22,55,38,27,172,41,3,1102,41003001102,600,1,75,10
183,527,251,85,105,31,30,96,113,25,17,130,49,42,30,34,219,41,3,1102,41003001102,600,1,76,10
184,159,69,16,32,9,12,14,34,12,9,13,22,24,10,9,45,41,3,1102,41003001102,600,1,77,10
185,147,50,20,17,6,7,14,30,1,5,10,16,17,7,6,31,41,3,1102,41003001102,600,1,78,10
186,4,4,4,0,0,0,1,2,1,0,1,1,1,1,0,1,41,3,1102,41003001102,600,1,79,10
187,0,0,0,0,0,0,0,0,0,0,0,0,0,0,0,0,41,3,600,41003000600,600,1,80,5
188,46,21,7,10,0,4,7,11,2,1,11,6,1,3,3,18,41,3,10600,41003010600,600,1,81,15
189,203,114,58,35,13,8,20,60,22,12,60,33,7,14,12,63,41,3,10600,41003010600,600,1,82,15
190,1,1,1,0,0,0,0,0,1,0,1,0,0,0,0,0,41,3,10600,41003010600,600,1,83,15
191,0,0,0,0,0,0,0,0,0,0,0,0,0,0,0,0,41,3,10600,41003010600,600,1,84,15
192,0,0,0,0,0,0,0,0,0,0,0,0,0,0,0,0,41,3,10600,41003010600,600,1,85,15
193,0,0,0,0,0,0,0,0,0,0,0,0,0,0,0,0,41,3,10600,41003010600,600,1,86,15
194,7,7,7,0,0,0,3,4,0,0,4,2,0,1,0,2,41,3,10600,41003010600,600,1,87,15
195,8,5,2,3,0,0,5,0,0,0,3,1,0,1,0,3,41,3,10600,41003010600,600,1,88,15
196,301,164,104,44,8,8,66,56,7,35,85,32,27,20,17,135,41,3,1102,41003001102,600,1,89,10
197,129,48,18,12,7,11,18,28,1,1,25,9,8,6,8,60,41,3,1102,41003001102,600,1,90,10
198,280,104,47,29,10,18,48,45,7,4,55,20,17,12,16,132,41,3,1102,41003001102,600,1,91,10
199,217,55,24,14,7,10,45,10,0,0,39,11,4,1,6,55,41,3,1102,41003001102,600,1,92,10
200,124,32,16,7,5,4,15,9,4,4,23,6,2,1,5,42,41,3,1102,41003001102,600,1,93,10
201,261,114,52,25,11,26,80,30,4,0,81,23,8,2,19,161,41,3,1102,41003001102,600,1,94,10
202,1061,282,65,118,27,72,221,47,10,4,195,47,40,0,50,378,41,3,1101,41003001101,600,1,95,9
203,554,45,19,5,9,12,31,10,3,1,27,1,13,4,8,64,41,3,1101,41003001101,600,1,96,9
204,286,103,30,35,15,23,26,34,15,28,34,18,35,16,14,129,41,3,10702,41003010702,600,1,97,16
205,505,233,103,59,30,41,51,56,27,99,76,41,80,36,26,242,41,3,10702,41003010702,600,1,98,16
206,1,1,1,0,0,0,0,1,0,0,0,0,1,0,0,0,41,3,10702,41003010702,600,1,99,16
207,0,0,0,0,0,0,0,0,0,0,0,0,0,0,0,0,41,3,10702,41003010702,600,1,100,16
208,0,0,0,0,0,0,0,0,0,0,0,0,0,0,0,0,41,3,10702,41003010702,600,1,101,16
209,0,0,0,0,0,0,0,0,0,0,0,0,0,0,0,0,41,3,10600,41003010600,600,1,102,15
210,0,0,0,0,0,0,0,0,0,0,0,0,0,0,0,0,41,3,10600,41003010600,600,1,103,15
211,7,6,5,1,0,0,1,3,2,0,2,3,1,0,0,3,41,3,10600,41003010600,600,1,104,15
212,368,128,32,34,18,44,91,33,1,3,46,58,13,11,19,172,41,3,10600,41003010600,600,1,105,15
213,211,132,72,49,4,7,102,28,1,1,47,60,14,11,14,111,41,3,10600,41003010600,600,1,106,15
214,295,133,52,52,13,16,79,38,9,7,47,60,14,12,20,166,41,3,10600,41003010600,600,1,107,15
215,142,35,18,8,5,4,17,12,5,1,12,16,4,3,5,40,41,3,10600,41003010600,600,1,108,15
216,11,4,0,3,0,1,0,2,2,0,2,1,0,1,1,7,41,3,10600,41003010600,600,1,109,15
217,56,53,50,3,0,0,0,25,16,12,28,15,3,7,4,28,41,3,10600,41003010600,600,1,110,15
218,11,9,7,2,0,0,2,6,1,0,5,3,0,1,1,4,41,3,10600,41003010600,600,1,111,15
219,10,5,1,3,1,0,0,3,2,0,3,1,0,1,1,3,41,3,10600,41003010600,600,1,112,15
220,13,10,7,3,0,0,3,6,1,0,5,3,1,1,1,3,41,3,10600,41003010600,600,1,113,15
221,24,16,9,6,1,0,7,8,1,0,8,5,1,2,2,11,41,3,10600,41003010600,600,1,114,15
222,42,26,17,6,2,1,7,16,1,2,14,8,1,3,3,18,41,3,10600,41003010600,600,1,115,15
223,73,41,23,13,1,4,10,24,6,1,22,12,2,5,5,36,41,3,10600,41003010600,600,1,116,15
224,26,13,5,6,0,2,4,3,4,2,6,4,1,2,2,13,41,3,10600,41003010600,600,1,117,15
225,0,0,0,0,0,0,0,0,0,0,0,0,0,0,0,0,41,3,10600,41003010600,600,1,118,15
227,72,46,30,10,4,2,16,21,8,1,24,13,3,6,5,30,41,3,10600,41003010600,600,1,119,15
228,171,67,21,25,9,12,16,35,13,3,35,19,4,9,10,72,41,3,10600,41003010600,600,1,120,15
229,7,1,0,0,0,1,0,1,0,0,1,0,0,0,0,2,41,3,10600,41003010600,600,1,121,15
230,500,250,104,95,21,30,161,66,13,10,154,41,55,0,25,236,41,3,10702,41003010702,600,1,122,16
231,167,55,5,19,11,20,5,30,15,5,1,9,20,25,11,67,41,3,10900,41003010900,600,1,123,18
232,275,108,25,39,20,24,3,52,25,28,26,25,28,29,17,95,41,3,202,41003000202,600,1,124,2
233,2,1,1,0,0,0,1,0,0,0,0,0,0,1,0,0,41,3,10900,41003010900,600,1,125,18
234,1,1,1,0,0,0,0,0,0,1,0,0,0,1,0,0,41,3,10900,41003010900,600,1,126,18
235,67,30,9,12,4,5,2,14,10,4,6,8,11,5,3,3,41,3,10800,41003010800,600,1,127,17
236,14,5,0,3,0,2,0,3,1,1,1,1,2,1,1,1,41,3,10800,41003010800,600,1,128,17
237,202,70,7,28,11,24,2,29,23,16,12,9,23,26,8,6,41,3,10900,41003010900,600,1,129,18
238,231,85,18,29,16,22,2,51,19,13,18,22,31,14,10,10,41,3,10800,41003010800,600,1,130,17
239,22,8,3,2,1,2,0,5,2,1,2,2,3,1,1,1,41,3,10800,41003010800,600,1,131,17
240,19,8,1,5,1,1,0,4,3,1,2,2,3,1,1,1,41,3,10800,41003010800,600,1,132,17
241,541,206,50,69,31,56,10,127,35,34,43,54,76,33,18,9,41,3,10800,41003010800,600,1,133,17
242,20,9,4,3,0,2,1,5,1,2,2,2,3,2,1,0,41,3,10800,41003010800,600,1,134,17
243,65,23,4,9,4,6,2,11,6,4,2,9,6,6,2,2,41,3,10800,41003010800,600,1,135,17
246,9,3,0,1,1,1,0,2,1,0,0,1,1,1,0,0,41,3,10800,41003010800,600,1,136,17
247,47,18,3,8,2,5,0,9,4,5,4,4,5,5,2,3,41,3,202,41003000202,600,1,137,2
248,22,9,2,3,3,1,0,4,1,4,2,2,2,3,1,2,41,3,202,41003000202,600,1,138,2
249,36,20,9,8,1,2,0,8,8,4,5,5,5,5,2,5,41,3,202,41003000202,600,1,139,2
250,0,0,0,0,0,0,0,0,0,0,0,0,0,0,0,0,41,3,202,41003000202,600,1,140,2
251,81,32,6,12,7,7,3,14,7,8,8,7,8,9,5,25,41,3,202,41003000202,600,1,141,2
252,9,4,1,1,1,1,0,2,1,1,1,1,1,1,1,2,41,3,202,41003000202,600,1,142,2
253,0,0,0,0,0,0,0,0,0,0,0,0,0,0,0,0,41,3,202,41003000202,600,1,143,2
254,18,9,3,4,1,1,3,5,0,1,2,2,2,3,1,4,41,3,202,41003000202,600,1,144,2
255,1439,649,181,280,91,97,212,354,46,37,155,151,166,177,89,312,41,3,202,41003000202,600,1,145,2
256,532,354,222,111,11,10,2,23,33,296,85,82,91,96,31,89,41,3,202,41003000202,600,1,146,2
257,93,42,15,16,3,8,2,20,8,12,10,10,11,11,5,9,41,3,202,41003000202,600,1,147,2
258,46,18,0,12,3,3,0,8,7,3,1,2,6,9,2,3,41,3,202,41003000202,600,1,148,2
259,54,27,10,12,2,3,0,10,6,11,1,4,9,13,2,3,41,3,202,41003000202,600,1,149,2
260,586,229,34,102,42,51,6,102,66,55,10,31,79,109,34,146,41,3,202,41003000202,600,1,150,2
261,70,26,5,8,6,7,3,8,3,12,1,4,9,12,4,16,41,3,202,41003000202,600,1,151,2
262,0,0,0,0,0,0,0,0,0,0,0,0,0,0,0,0,41,3,100,41003000100,600,1,152,1
263,0,0,0,0,0,0,0,0,0,0,0,0,0,0,0,0,41,3,100,41003000100,600,1,153,1
264,415,162,29,65,33,35,14,94,31,23,6,47,75,34,22,47,41,3,100,41003000100,600,1,154,1
265,144,59,18,21,10,10,1,21,17,20,15,12,22,10,4,1,41,3,10400,41003010400,600,1,155,14
266,15,4,0,1,1,2,0,2,2,0,1,1,1,1,0,0,41,3,10400,41003010400,600,1,156,14
267,21,8,2,1,3,2,0,4,1,3,2,2,3,1,1,0,41,3,10400,41003010400,600,1,157,14
268,57,25,3,16,3,3,0,11,6,8,6,5,10,4,1,0,41,3,10400,41003010400,600,1,158,14
269,52,18,4,4,4,6,0,7,7,4,2,2,3,11,1,0,41,3,10300,41003010300,600,1,159,13
270,183,78,12,45,8,13,0,33,29,16,9,10,14,45,4,1,41,3,10300,41003010300,600,1,160,13
271,8,4,2,1,0,1,0,1,1,2,0,1,1,2,0,0,41,3,10300,41003010300,600,1,161,13
272,74,32,9,10,9,4,0,19,7,6,3,4,13,12,2,0,41,3,10200,41003010200,600,1,162,12
273,191,66,5,35,6,20,0,27,22,17,5,9,27,25,4,0,41,3,10200,41003010200,600,1,163,12
274,71,28,6,13,3,6,2,7,9,10,2,4,12,10,2,0,41,3,10200,41003010200,600,1,164,12
275,0,0,0,0,0,0,0,0,0,0,0,0,0,0,0,0,41,3,10200,41003010200,600,1,165,12
276,2,1,0,1,0,0,0,0,1,0,0,0,1,0,0,0,41,3,10200,41003010200,600,1,166,12
277,323,122,24,47,21,30,1,57,39,25,24,26,45,27,8,2,41,3,500,41003000500,600,1,167,4
278,423,162,18,83,34,27,1,53,53,55,31,34,61,36,12,3,41,3,500,41003000500,600,1,168,4
279,301,122,18,63,20,21,1,44,38,39,3,11,22,86,8,2,41,3,500,41003000500,600,1,169,4
280,152,62,7,36,9,10,1,23,19,19,2,6,11,43,4,1,41,3,500,41003000500,600,1,170,4
281,161,59,4,32,9,14,0,24,20,15,2,5,11,41,5,1,41,3,500,41003000500,600,1,171,4
282,61,24,4,11,3,6,0,8,13,3,1,2,4,17,2,0,41,3,500,41003000500,600,1,172,4
283,66,32,14,9,3,6,1,19,6,6,6,11,8,7,2,0,41,3,600,41003000600,600,1,173,5
284,379,164,59,54,20,31,7,84,36,37,32,54,40,38,14,10,41,3,600,41003000600,600,1,174,5
285,122,47,9,17,10,11,0,27,8,12,9,16,11,11,4,3,41,3,600,41003000600,600,1,175,5
286,307,118,26,40,22,30,0,67,25,26,23,39,29,27,12,11,41,3,600,41003000600,600,1,176,5
287,46,18,5,6,2,5,0,11,4,3,4,6,4,4,1,0,41,3,600,41003000600,600,1,177,5
288,200,54,16,20,5,13,1,31,11,11,11,18,13,12,5,4,41,3,600,41003000600,600,1,178,5
289,63,25,4,14,2,5,0,11,8,6,1,4,5,15,3,4,41,3,10200,41003010200,600,1,179,12
290,12,4,0,1,2,1,0,2,2,0,0,1,1,2,0,0,41,3,10200,41003010200,600,1,180,12
292,411,165,35,70,26,34,9,57,46,53,38,22,38,67,25,124,41,3,900,41003000900,600,1,181,6
293,80,50,26,19,4,1,17,21,6,6,26,10,8,6,5,35,41,3,1102,41003001102,600,1,182,10
294,138,67,27,27,2,11,31,29,2,5,35,13,11,8,9,64,41,3,1102,41003001102,600,1,183,10
295,125,57,20,20,6,11,18,32,4,3,30,17,3,7,8,49,41,3,10600,41003010600,600,1,184,15
296,197,93,37,32,12,12,20,58,8,7,49,27,5,12,12,75,41,3,10600,41003010600,600,1,185,15
297,0,0,0,0,0,0,0,0,0,0,0,0,0,0,0,0,41,3,10600,41003010600,600,1,186,15
298,2,1,0,1,0,0,0,1,0,0,1,0,0,0,0,0,41,3,10600,41003010600,600,1,187,15
299,35,0,0,0,0,0,0,0,0,0,0,0,0,0,0,0,41,3,10600,41003010600,600,1,188,15
300,47,30,23,7,0,0,17,11,1,1,15,9,2,4,2,19,41,3,10600,41003010600,600,1,189,15
301,240,116,25,71,11,9,90,22,2,2,81,19,10,6,17,145,41,3,10600,41003010600,600,1,190,15
302,1013,559,254,213,61,31,363,157,20,19,392,91,49,27,69,521,41,3,10600,41003010600,600,1,191,15
303,23,8,1,0,6,1,6,1,1,0,5,1,2,0,2,13,41,3,10702,41003010702,600,1,192,16
304,1117,486,164,157,74,91,108,303,45,30,176,180,108,22,62,167,41,3,100,41003000100,600,1,193,1
306,0,0,0,0,0,0,0,0,0,0,0,0,0,0,0,0,41,3,100,41003000100,600,1,194,1
307,178,62,25,14,9,14,0,35,20,7,17,8,25,12,8,22,41,3,100,41003000100,600,1,195,1
308,0,0,0,0,0,0,0,0,0,0,0,0,0,0,0,0,41,3,100,41003000100,600,1,196,1
309,539,204,51,78,27,48,15,104,57,28,8,59,94,43,29,67,41,3,100,41003000100,600,1,197,1
310,484,186,35,75,34,42,16,111,42,17,7,54,86,39,28,74,41,3,100,41003000100,600,1,198,1
311,452,206,58,85,38,25,45,100,42,19,54,68,54,30,27,86,41,3,100,41003000100,600,1,199,1
312,532,251,81,103,40,27,51,142,33,25,66,83,66,36,34,137,41,3,100,41003000100,600,1,200,1
313,286,134,49,47,19,19,11,78,32,13,36,44,35,19,17,63,41,3,100,41003000100,600,1,201,1
314,12,3,1,0,0,2,0,2,0,1,1,0,1,1,1,1,41,3,100,41003000100,600,1,202,1
315,1500,623,132,256,132,103,139,353,70,61,170,84,253,116,78,168,41,3,100,41003000100,600,1,203,1
316,554,217,50,67,47,53,23,148,20,26,59,29,89,40,27,44,41,3,100,41003000100,600,1,204,1
317,569,197,30,58,50,59,23,145,17,12,54,27,80,36,27,43,41,3,100,41003000100,600,1,205,1
318,184,70,12,30,12,16,3,35,21,11,19,10,28,13,8,8,41,3,100,41003000100,600,1,206,1
319,21,12,4,7,1,0,0,7,3,2,3,2,5,2,1,1,41,3,100,41003000100,600,1,207,1
320,14,8,3,4,0,1,0,4,2,2,2,2,3,1,0,0,41,3,10400,41003010400,600,1,208,14
321,0,0,0,0,0,0,0,0,0,0,0,0,0,0,0,0,41,3,10400,41003010400,600,1,209,14
322,6,3,2,1,0,0,0,0,2,1,1,1,1,0,0,0,41,3,10400,41003010400,600,1,210,14
323,140,50,7,16,14,13,1,34,6,9,8,7,16,19,5,2,41,3,10900,41003010900,600,1,211,18
324,16,5,0,1,2,2,0,3,2,0,1,1,1,2,1,0,41,3,10900,41003010900,600,1,212,18
325,262,94,15,23,30,26,2,67,11,14,16,12,30,36,8,3,41,3,10900,41003010900,600,1,213,18
326,245,92,24,26,22,20,4,55,19,14,15,12,30,35,8,3,41,3,10900,41003010900,600,1,214,18
327,2,1,1,0,0,0,0,0,0,1,0,0,1,0,0,0,41,3,10800,41003010800,600,1,215,17
328,124,49,17,13,6,13,1,29,8,11,10,13,18,8,4,2,41,3,10800,41003010800,600,1,216,17
329,177,65,16,15,17,17,7,41,10,7,14,17,24,10,6,3,41,3,10800,41003010800,600,1,217,17
330,15,9,5,3,0,1,0,6,1,2,2,2,3,2,1,0,41,3,10800,41003010800,600,1,218,17
331,18,8,5,2,0,1,0,6,2,0,2,2,3,1,1,0,41,3,10800,41003010800,600,1,219,17
332,54,23,7,8,4,4,2,14,2,5,5,6,8,4,2,1,41,3,10800,41003010800,600,1,220,17
333,120,56,23,19,4,10,3,36,9,8,12,14,21,9,4,3,41,3,10800,41003010800,600,1,221,17
334,134,50,13,15,9,13,3,26,8,13,11,13,18,8,5,5,41,3,10800,41003010800,600,1,222,17
335,124,50,14,18,6,12,2,26,12,10,11,13,18,8,5,4,41,3,10800,41003010800,600,1,223,17
336,317,133,22,69,20,22,3,50,40,40,16,18,24,75,5,0,41,3,10300,41003010300,600,1,224,13
337,460,159,20,63,27,49,1,96,35,27,19,21,29,90,8,1,41,3,10300,41003010300,600,1,225,13
338,167,76,20,35,10,11,0,29,20,27,9,10,14,43,3,0,41,3,10300,41003010300,600,1,226,13
339,6,3,1,1,0,1,0,1,0,2,1,0,1,1,0,0,41,3,10800,41003010800,600,1,227,17
340,62,19,1,7,3,8,1,10,4,4,3,3,7,6,2,1,41,3,10800,41003010800,600,1,228,17
341,1,0,0,0,0,0,0,0,0,0,0,0,0,0,0,0,41,3,10800,41003010800,600,1,229,17
342,144,58,18,19,7,14,4,27,11,16,5,21,16,16,6,7,41,3,10800,41003010800,600,1,230,17
343,36,13,2,6,1,4,0,5,3,5,1,5,3,4,1,1,41,3,10800,41003010800,600,1,231,17
344,144,47,4,15,9,19,2,37,1,7,4,17,13,13,6,5,41,3,10800,41003010800,600,1,232,17
345,27,12,2,7,2,1,0,4,3,5,1,5,3,3,1,1,41,3,10800,41003010800,600,1,233,17
346,1,0,0,0,0,0,0,0,0,0,0,0,0,0,0,0,41,3,10800,41003010800,600,1,234,17
347,195,81,28,27,10,16,16,44,14,7,6,30,22,23,9,13,41,3,10800,41003010800,600,1,235,17
348,294,113,22,47,17,27,8,61,20,24,9,42,30,32,13,17,41,3,10800,41003010800,600,1,236,17
349,205,78,16,29,14,19,0,44,25,9,17,20,20,21,9,10,41,3,202,41003000202,600,1,237,2
350,660,223,28,81,38,76,2,132,51,38,50,55,57,61,27,26,41,3,202,41003000202,600,1,238,2
351,0,0,0,0,0,0,0,0,0,0,0,0,0,0,0,0,41,3,10900,41003010900,600,1,239,18
352,18,8,2,5,0,1,0,4,4,0,0,1,3,4,1,1,41,3,10900,41003010900,600,1,240,18
353,475,178,38,56,39,45,15,105,28,30,43,41,46,48,28,91,41,3,202,41003000202,600,1,241,2
354,39,17,6,6,1,4,0,9,5,3,4,4,4,5,2,6,41,3,202,41003000202,600,1,242,2
355,302,141,50,53,19,19,7,58,22,54,3,22,52,64,18,59,41,3,10900,41003010900,600,1,243,18
356,1307,511,124,173,82,132,105,294,53,59,8,81,190,232,74,194,41,3,10900,41003010900,600,1,244,18
357,37,13,2,5,3,3,0,8,3,2,0,2,5,6,2,4,41,3,10900,41003010900,600,1,245,18
358,94,34,8,13,6,7,5,17,6,6,0,5,13,16,6,18,41,3,10900,41003010900,600,1,246,18
359,6,3,0,3,0,0,0,2,0,1,0,1,1,1,0,0,41,3,10900,41003010900,600,1,247,18
360,34,12,0,5,4,3,1,2,5,4,0,2,4,6,2,5,41,3,10900,41003010900,600,1,248,18
361,355,138,35,47,22,34,8,72,31,27,2,22,51,63,23,96,41,3,10900,41003010900,600,1,249,18
362,149,64,22,19,10,13,2,43,8,11,1,10,24,29,9,33,41,3,10900,41003010900,600,1,250,18
363,80,34,8,15,6,5,0,15,8,11,1,5,12,16,5,15,41,3,202,41003000202,600,1,251,2
364,147,54,8,23,10,13,0,25,13,16,2,7,19,26,7,9,41,3,202,41003000202,600,1,252,2
365,275,113,16,57,21,19,0,39,29,45,5,15,39,54,15,38,41,3,202,41003000202,600,1,253,2
366,32,12,0,9,0,3,0,4,4,4,0,2,4,6,2,6,41,3,202,41003000202,600,1,254,2
367,126,47,7,17,9,14,5,21,14,7,2,6,16,23,7,30,41,3,202,41003000202,600,1,255,2
368,0,0,0,0,0,0,0,0,0,0,0,0,0,0,0,0,41,3,202,41003000202,600,1,256,2
369,3,1,1,0,0,0,1,0,0,0,0,0,0,1,0,0,41,3,202,41003000202,600,1,257,2
370,0,0,0,0,0,0,0,0,0,0,0,0,0,0,0,0,41,3,10702,41003010702,600,1,258,16
371,0,0,0,0,0,0,0,0,0,0,0,0,0,0,0,0,41,3,10702,41003010702,600,1,259,16
372,160,69,10,40,10,9,54,13,0,2,43,11,15,0,8,76,41,3,10702,41003010702,600,1,260,16
373,0,0,0,0,0,0,0,0,0,0,0,0,0,0,0,0,41,3,10702,41003010702,600,1,261,16
376,0,0,0,0,0,0,0,0,0,0,0,0,0,0,0,0,41,3,10900,41003010900,600,1,262,18
377,0,0,0,0,0,0,0,0,0,0,0,0,0,0,0,0,41,3,10900,41003010900,600,1,263,18
378,28,11,2,4,3,2,0,5,3,3,0,2,4,5,2,10,41,3,10900,41003010900,600,1,264,18
379,0,0,0,0,0,0,0,0,0,0,0,0,0,0,0,0,41,3,10702,41003010702,600,1,265,16
380,0,0,0,0,0,0,0,0,0,0,0,0,0,0,0,0,41,3,10702,41003010702,600,1,266,16
381,177,102,43,47,9,3,88,12,2,0,63,17,22,0,9,82,41,3,10702,41003010702,600,1,267,16
382,0,0,0,0,0,0,0,0,0,0,0,0,0,0,0,0,41,3,10702,41003010702,600,1,268,16
383,2,1,1,0,0,0,1,0,0,0,1,0,0,0,0,0,41,3,10702,41003010702,600,1,269,16
384,0,0,0,0,0,0,0,0,0,0,0,0,0,0,0,0,41,3,10600,41003010600,600,1,270,15
385,0,0,0,0,0,0,0,0,0,0,0,0,0,0,0,0,41,3,10600,41003010600,600,1,271,15
386,170,74,23,31,5,15,57,16,0,1,63,5,6,0,9,83,41,3,10600,41003010600,600,1,272,15
387,0,0,0,0,0,0,0,0,0,0,0,0,0,0,0,0,41,3,10600,41003010600,600,1,273,15
388,909,2,0,1,0,1,2,0,0,0,2,0,0,0,0,2,41,3,10600,41003010600,600,1,274,15
389,0,0,0,0,0,0,0,0,0,0,0,0,0,0,0,0,41,3,10600,41003010600,600,1,275,15
390,0,0,0,0,0,0,0,0,0,0,0,0,0,0,0,0,41,3,10600,41003010600,600,1,276,15
391,0,0,0,0,0,0,0,0,0,0,0,0,0,0,0,0,41,3,10600,41003010600,600,1,277,15
392,0,0,0,0,0,0,0,0,0,0,0,0,0,0,0,0,41,3,10600,41003010600,600,1,278,15
393,0,0,0,0,0,0,0,0,0,0,0,0,0,0,0,0,41,3,10702,41003010702,600,1,279,16
394,0,0,0,0,0,0,0,0,0,0,0,0,0,0,0,0,41,3,10702,41003010702,600,1,280,16
395,883,1,0,0,0,1,1,0,0,0,0,0,1,0,2,17,41,3,10702,41003010702,600,1,281,16
396,4,2,1,0,1,0,1,1,0,0,0,0,2,0,0,2,41,3,10702,41003010702,600,1,282,16
397,0,0,0,0,0,0,0,0,0,0,0,0,0,0,0,0,41,3,10702,41003010702,600,1,283,16
398,0,0,0,0,0,0,0,0,0,0,0,0,0,0,0,0,41,3,10702,41003010702,600,1,284,16
399,216,77,13,27,13,24,13,30,16,18,25,14,26,12,15,113,41,3,10702,41003010702,600,1,285,16
400,0,0,0,0,0,0,0,0,0,0,0,0,0,0,0,0,41,3,10702,41003010702,600,1,286,16
403,402,210,125,56,10,19,130,70,6,4,149,42,16,3,19,175,41,3,1102,41003001102,600,1,287,10
406,80,30,2,19,2,7,0,14,7,9,2,4,13,11,2,0,41,3,10200,41003010200,600,1,288,12
407,191,78,11,43,8,16,1,33,23,21,6,10,33,29,5,1,41,3,10200,41003010200,600,1,289,12
408,160,79,39,23,8,9,4,39,18,18,13,10,26,30,9,28,41,3,10900,41003010900,600,1,290,18
409,5,3,2,1,0,0,2,0,1,0,1,0,1,1,0,1,41,3,10900,41003010900,600,1,291,18
410,262,106,20,51,15,20,2,45,32,27,14,34,41,17,5,0,41,3,10300,41003010300,600,1,292,13
415,8,4,2,1,0,1,2,1,0,1,1,1,1,1,0,4,41,3,10702,41003010702,600,1,293,16
416,264,100,12,37,30,21,20,80,0,0,33,17,34,16,13,122,41,3,10702,41003010702,600,1,294,16
417,0,0,0,0,0,0,0,0,0,0,0,0,0,0,0,0,41,3,10702,41003010702,600,1,295,16
418,0,0,0,0,0,0,0,0,0,0,0,0,0,0,0,0,41,3,10702,41003010702,600,1,296,16
419,0,0,0,0,0,0,0,0,0,0,0,0,0,0,0,0,41,3,10702,41003010702,600,1,297,16
420,254,0,0,0,0,0,0,0,0,0,0,0,0,0,0,0,41,3,10702,41003010702,600,1,298,16
421,0,0,0,0,0,0,0,0,0,0,0,0,0,0,0,0,41,3,10702,41003010702,600,1,299,16
422,0,0,0,0,0,0,0,0,0,0,0,0,0,0,0,0,41,3,10702,41003010702,600,1,300,16
423,0,0,0,0,0,0,0,0,0,0,0,0,0,0,0,0,41,3,10702,41003010702,600,1,301,16
424,0,0,0,0,0,0,0,0,0,0,0,0,0,0,0,0,41,3,10600,41003010600,600,1,302,15
425,0,0,0,0,0,0,0,0,0,0,0,0,0,0,0,0,41,3,10600,41003010600,600,1,303,15
426,0,0,0,0,0,0,0,0,0,0,0,0,0,0,0,0,41,3,10600,41003010600,600,1,304,15
427,0,0,0,0,0,0,0,0,0,0,0,0,0,0,0,0,41,3,10600,41003010600,600,1,305,15
428,0,0,0,0,0,0,0,0,0,0,0,0,0,0,0,0,41,3,10600,41003010600,600,1,306,15
429,0,0,0,0,0,0,0,0,0,0,0,0,0,0,0,0,41,3,10600,41003010600,600,1,307,15
430,0,0,0,0,0,0,0,0,0,0,0,0,0,0,0,0,41,3,10600,41003010600,600,1,308,15
431,257,232,210,19,3,0,194,36,1,1,165,47,17,3,19,169,41,3,1102,41003001102,600,1,309,10
432,0,0,0,0,0,0,0,0,0,0,0,0,0,0,0,0,41,3,10600,41003010600,600,1,310,15
433,0,0,0,0,0,0,0,0,0,0,0,0,0,0,0,0,41,3,10600,41003010600,600,1,311,15
434,0,0,0,0,0,0,0,0,0,0,0,0,0,0,0,0,41,3,10600,41003010600,600,1,312,15
435,194,1,0,1,0,0,0,0,0,1,0,1,0,0,0,0,41,3,10600,41003010600,600,1,313,15
436,0,0,0,0,0,0,0,0,0,0,0,0,0,0,0,0,41,3,10600,41003010600,600,1,314,15
437,0,0,0,0,0,0,0,0,0,0,0,0,0,0,0,0,41,3,10600,41003010600,600,1,315,15
438,0,0,0,0,0,0,0,0,0,0,0,0,0,0,0,0,41,3,10702,41003010702,600,1,316,16
439,362,0,0,0,0,0,0,0,0,0,0,0,0,0,0,0,41,3,10702,41003010702,600,1,317,16
440,0,0,0,0,0,0,0,0,0,0,0,0,0,0,0,0,41,3,10702,41003010702,600,1,318,16
441,0,0,0,0,0,0,0,0,0,0,0,0,0,0,0,0,41,3,10702,41003010702,600,1,319,16
442,0,0,0,0,0,0,0,0,0,0,0,0,0,0,0,0,41,3,10702,41003010702,600,1,320,16
443,0,0,0,0,0,0,0,0,0,0,0,0,0,0,0,0,41,3,10702,41003010702,600,1,321,16
444,8,3,0,1,1,1,0,1,1,1,0,1,1,1,0,3,41,3,10900,41003010900,600,1,322,18
445,0,0,0,0,0,0,0,0,0,0,0,0,0,0,0,0,41,3,10702,41003010702,600,1,323,16
446,0,0,0,0,0,0,0,0,0,0,0,0,0,0,0,0,41,3,10702,41003010702,600,1,324,16
447,621,0,0,0,0,0,0,0,0,0,0,0,0,0,0,0,41,3,10600,41003010600,600,1,325,15
448,0,0,0,0,0,0,0,0,0,0,0,0,0,0,0,0,41,3,10600,41003010600,600,1,326,15
449,0,0,0,0,0,0,0,0,0,0,0,0,0,0,0,0,41,3,10702,41003010702,600,1,327,16
450,203,80,9,43,10,18,0,30,24,26,2,7,15,56,6,2,41,3,500,41003000500,600,1,328,4
451,48,18,2,8,2,6,0,9,5,4,3,4,7,4,2,1,41,3,500,41003000500,600,1,329,4
452,33,13,3,3,4,3,1,8,0,4,1,2,5,5,1,1,41,3,10200,41003010200,600,1,330,12
453,0,0,0,0,0,0,0,0,0,0,0,0,0,0,0,0,41,3,10600,41003010600,600,1,331,15
454,671,279,45,149,36,49,2,109,91,77,46,37,90,106,29,31,41,3,10900,41003010900,600,1,332,18
455,143,53,8,24,8,13,0,18,19,16,9,7,17,20,5,2,41,3,10900,41003010900,600,1,333,18
456,114,47,2,31,8,6,1,14,17,15,8,6,15,18,5,6,41,3,10900,41003010900,600,1,334,18
457,73,66,59,7,0,0,2,1,0,63,36,20,7,3,4,11,41,3,1001,41003001001,600,1,335,7
458,745,319,137,75,43,64,76,163,32,48,172,98,32,17,45,168,41,3,1001,41003001001,600,1,336,7
459,0,0,0,0,0,0,0,0,0,0,0,0,0,0,0,0,41,3,1001,41003001001,600,1,337,7
460,2,1,0,1,0,0,0,1,0,0,1,0,0,0,0,0,41,3,1001,41003001001,600,1,338,7
461,233,93,19,35,18,21,13,44,16,20,22,12,22,37,14,66,41,3,900,41003000900,600,1,339,6
462,221,93,25,32,17,19,4,40,25,24,22,12,22,37,14,84,41,3,900,41003000900,600,1,340,6
463,330,140,40,51,20,29,19,71,27,23,46,44,33,17,22,143,41,3,900,41003000900,600,1,341,6
464,422,192,87,58,22,25,59,79,24,30,63,61,45,23,19,154,41,3,900,41003000900,600,1,342,6
465,470,206,60,74,40,32,82,86,20,18,129,48,29,0,31,236,41,3,1101,41003001101,600,1,343,9
466,318,118,34,48,7,29,64,43,9,2,74,27,17,0,19,144,41,3,1101,41003001101,600,1,344,9
467,338,194,91,74,18,11,112,66,10,6,114,39,41,0,22,151,41,3,1101,41003001101,600,1,345,9
468,690,380,283,43,23,31,209,100,19,52,223,76,81,0,38,262,41,3,1101,41003001101,600,1,346,9
469,86,74,64,8,2,0,12,34,18,10,39,22,4,9,6,38,41,3,10600,41003010600,600,1,347,15
470,64,40,23,14,0,3,15,11,10,4,21,12,2,5,4,27,41,3,10600,41003010600,600,1,348,15
471,328,124,30,40,23,31,7,85,16,16,23,18,44,39,12,9,41,3,10800,41003010800,600,1,349,17
472,14,7,2,4,0,1,0,4,1,2,1,1,3,2,1,0,41,3,10800,41003010800,600,1,350,17
473,14,5,2,0,0,3,0,3,1,1,1,1,2,1,1,1,41,3,10800,41003010800,600,1,351,17
474,317,128,33,44,25,26,6,83,23,16,24,18,46,40,12,10,41,3,10800,41003010800,600,1,352,17
475,211,106,41,43,11,11,5,53,30,18,38,39,24,5,14,68,41,3,100,41003000100,600,1,353,1
476,5,2,0,1,1,0,0,1,0,1,1,1,0,0,0,1,41,3,100,41003000100,600,1,354,1
500,19,8,2,3,1,2,0,4,3,1,1,1,4,2,0,0,41,43,20100,41043020100,600,1,355,19
501,28,12,2,6,2,2,1,6,2,3,1,2,6,3,0,0,41,43,20100,41043020100,600,1,356,19
502,49,17,5,5,2,5,0,7,3,7,1,4,5,7,1,0,41,43,20100,41043020100,600,1,357,19
503,37,18,4,11,2,1,0,6,3,9,2,4,8,4,0,0,41,43,20100,41043020100,600,1,358,19
504,28,11,2,5,1,3,1,5,3,2,1,2,5,3,0,0,41,43,20100,41043020100,600,1,359,19
505,19,8,2,3,1,2,0,4,3,1,1,1,4,2,0,0,41,43,20100,41043020100,600,1,360,19
506,6,2,0,2,0,0,0,1,0,1,0,0,1,1,0,0,41,3,10100,41003010100,600,1,361,11
507,3,1,0,0,1,0,0,0,1,0,0,0,0,1,0,0,41,3,10100,41003010100,600,1,362,11
508,22,8,1,3,2,2,0,4,2,2,0,0,4,4,0,0,41,3,10100,41003010100,600,1,363,11
509,19,7,1,3,1,2,0,3,2,2,0,1,3,3,0,0,41,3,10100,41003010100,600,1,364,11
510,16,7,2,3,1,1,0,3,2,2,0,1,3,3,0,0,41,3,10100,41003010100,600,1,365,11
511,33,11,0,7,2,2,0,6,4,1,1,2,5,3,0,0,41,43,20100,41043020100,600,1,366,19
512,82,31,5,13,7,6,1,15,8,7,3,6,14,8,1,0,41,43,20100,41043020100,600,1,367,19
513,45,17,4,7,2,4,1,8,2,6,2,3,8,4,1,0,41,43,20100,41043020100,600,1,368,19
514,158,59,2,32,12,13,0,27,16,16,5,12,27,15,2,0,41,43,20100,41043020100,600,1,369,19
515,49,19,6,5,4,4,0,9,4,6,2,4,8,5,1,0,41,43,20100,41043020100,600,1,370,19
516,40,18,5,7,4,2,0,8,5,5,1,4,6,7,1,0,41,43,20100,41043020100,600,1,371,19
517,15,5,1,2,0,2,0,3,1,1,0,1,2,2,0,0,41,43,20100,41043020100,600,1,372,19
518,128,51,6,26,8,11,0,22,14,15,3,11,16,21,2,0,41,43,20100,41043020100,600,1,373,19
519,81,35,6,18,5,6,0,11,11,13,2,8,11,14,1,0,41,43,20100,41043020100,600,1,374,19
520,150,57,7,28,8,14,0,23,16,18,3,13,18,23,2,0,41,43,20100,41043020100,600,1,375,19
521,60,20,2,8,2,8,1,11,4,4,1,5,6,8,1,0,41,43,20100,41043020100,600,1,376,19
522,156,63,15,24,10,14,1,24,18,20,3,14,20,26,2,0,41,43,20100,41043020100,600,1,377,19
523,72,28,4,13,4,7,0,11,8,9,2,6,9,11,1,0,41,43,20100,41043020100,600,1,378,19
524,32,9,1,2,3,3,0,6,1,2,1,2,4,2,0,0,41,43,20100,41043020100,600,1,379,19
525,1009,371,48,154,77,92,3,208,81,79,32,74,172,93,13,0,41,43,20100,41043020100,600,1,380,19
526,17,6,0,4,0,2,0,3,0,3,0,1,3,2,0,0,41,43,20100,41043020100,600,1,381,19
527,22,8,0,5,1,2,0,6,2,0,1,1,4,2,0,0,41,43,20100,41043020100,600,1,382,19
528,26,11,3,5,1,2,0,4,3,4,0,1,5,5,0,0,41,3,10100,41003010100,600,1,383,11
529,177,65,8,28,10,19,0,29,18,18,1,11,25,28,2,0,41,3,10100,41003010100,600,1,384,11
530,10,4,1,2,0,1,0,2,1,1,0,0,2,2,0,0,41,3,10100,41003010100,600,1,385,11
531,18,6,1,2,1,2,0,2,2,2,0,1,2,3,0,0,41,3,10100,41003010100,600,1,386,11
532,360,130,19,51,22,38,0,70,36,24,6,8,56,60,5,0,41,3,10100,41003010100,600,1,387,11
533,7,3,0,1,1,1,0,1,1,1,0,0,1,2,0,0,41,3,10100,41003010100,600,1,388,11
534,12,4,1,1,1,1,0,2,1,1,0,0,2,2,0,0,41,3,10100,41003010100,600,1,389,11
535,50,20,3,11,2,4,1,7,7,5,1,1,9,9,1,0,41,3,10100,41003010100,600,1,390,11
536,26,11,2,6,1,2,0,5,4,2,0,1,5,5,0,0,41,3,10100,41003010100,600,1,391,11
537,158,54,4,26,5,19,0,21,14,19,3,3,23,25,2,0,41,3,10100,41003010100,600,1,392,11
538,184,63,4,32,8,19,0,29,16,18,3,4,27,29,2,0,41,3,10100,41003010100,600,1,393,11
539,98,32,2,16,3,11,0,15,9,8,1,2,14,15,1,0,41,3,10100,41003010100,600,1,394,11
540,55,22,4,8,5,5,0,7,5,10,0,4,8,10,1,0,41,3,10100,41003010100,600,1,395,11
541,139,52,8,21,8,15,0,17,18,17,1,9,20,22,2,0,41,3,10100,41003010100,600,1,396,11
542,80,32,3,18,4,7,1,10,10,11,0,6,12,14,1,0,41,3,10100,41003010100,600,1,397,11
543,23,8,1,4,1,2,0,4,2,2,0,1,3,4,0,0,41,3,10100,41003010100,600,1,398,11
544,240,82,6,35,14,27,2,40,20,20,1,14,31,36,3,0,41,3,10100,41003010100,600,1,399,11
545,7,2,0,1,0,1,0,1,0,1,0,0,1,1,0,0,41,3,10100,41003010100,600,1,400,11
546,13,4,0,2,1,1,0,2,0,2,0,1,1,2,0,0,41,3,10100,41003010100,600,1,401,11
547,0,0,0,0,0,0,0,0,0,0,0,0,0,0,0,0,41,43,20100,41043020100,600,1,402,19
548,2,1,0,1,0,0,0,0,1,0,0,0,1,0,0,0,41,43,20100,41043020100,600,1,403,19
549,2,1,0,1,0,0,0,0,0,1,0,0,1,0,0,0,41,43,20100,41043020100,600,1,404,19
550,36,13,1,6,2,4,0,7,4,2,1,3,4,5,0,0,41,43,20100,41043020100,600,1,405,19
551,17,6,1,2,1,2,0,2,2,2,0,1,2,3,0,0,41,43,20100,41043020100,600,1,406,19
552,78,30,4,15,4,7,0,12,8,10,2,7,9,12,1,0,41,43,20100,41043020100,600,1,407,19
553,8,3,0,2,0,1,0,1,1,1,0,1,1,1,0,0,41,43,20100,41043020100,600,1,408,19
554,38,17,3,10,2,2,0,6,5,6,1,4,5,7,0,0,41,43,20100,41043020100,600,1,409,19
555,29,9,2,2,2,3,0,5,2,2,1,2,3,3,0,0,41,43,20100,41043020100,600,1,410,19
556,23,8,2,2,2,2,0,3,2,3,1,2,2,3,0,0,41,43,20100,41043020100,600,1,411,19
557,104,42,7,20,6,9,1,16,13,12,3,10,13,16,1,0,41,43,20100,41043020100,600,1,412,19
558,352,122,16,43,26,37,7,78,20,17,10,28,38,46,4,0,41,43,20100,41043020100,600,1,413,19
559,154,61,12,26,10,13,0,30,16,15,5,14,19,23,2,0,41,43,20100,41043020100,600,1,414,19
560,68,26,5,12,4,5,0,12,7,7,2,6,8,10,1,0,41,43,20100,41043020100,600,1,415,19
561,45,18,5,6,4,3,1,9,2,6,1,4,6,7,1,0,41,43,20100,41043020100,600,1,416,19
562,68,30,10,10,5,5,2,15,6,7,2,7,10,11,1,0,41,43,20100,41043020100,600,1,417,19
563,1046,429,108,150,92,79,14,282,75,58,64,81,190,94,13,0,41,43,20100,41043020100,600,1,418,19
564,925,346,60,126,67,93,21,246,46,33,53,64,156,73,12,0,41,43,20100,41043020100,600,1,419,19
565,455,205,76,66,26,37,31,116,26,32,32,38,92,43,6,0,41,43,20100,41043020100,600,1,420,19
566,0,0,0,0,0,0,0,0,0,0,0,0,0,0,0,0,41,43,20100,41043020100,600,1,421,19
567,0,0,0,0,0,0,0,0,0,0,0,0,0,0,0,0,41,43,20100,41043020100,600,1,422,19
568,0,0,0,0,0,0,0,0,0,0,0,0,0,0,0,0,41,43,20100,41043020100,600,1,423,19
569,0,0,0,0,0,0,0,0,0,0,0,0,0,0,0,0,41,43,20100,41043020100,600,1,424,19
570,2,1,0,1,0,0,0,1,0,0,0,0,0,1,0,0,41,3,10100,41003010100,600,1,425,11
571,54,18,4,3,7,4,0,10,6,2,0,3,5,10,1,0,41,3,10100,41003010100,600,1,426,11
572,92,34,7,11,8,8,0,8,11,15,0,5,9,20,1,0,41,3,10100,41003010100,600,1,427,11
573,349,150,41,57,24,28,1,60,38,51,0,22,39,89,4,0,41,3,10100,41003010100,600,1,428,11
574,357,133,18,57,24,34,1,62,28,42,0,19,35,79,5,0,41,3,10100,41003010100,600,1,429,11
575,136,53,10,21,10,12,1,25,13,14,5,8,19,21,2,0,41,3,10100,41003010100,600,1,430,11
576,287,120,29,50,14,27,1,50,21,48,9,18,44,49,4,0,41,3,10100,41003010100,600,1,431,11
577,17,8,2,4,0,2,0,2,1,5,1,1,3,3,0,0,41,3,10100,41003010100,600,1,432,11
578,12,4,0,2,1,1,1,1,1,1,0,0,2,2,0,0,41,3,10100,41003010100,600,1,433,11
579,425,161,24,76,19,42,1,67,38,55,11,21,61,68,5,0,41,3,10100,41003010100,600,1,434,11
580,52,19,3,7,3,6,0,11,4,4,2,3,7,7,1,0,41,3,10100,41003010100,600,1,435,11
581,0,0,0,0,0,0,0,0,0,0,0,0,0,0,0,0,41,3,10100,41003010100,600,1,436,11
582,95,39,6,20,7,6,0,12,12,15,3,6,14,16,1,0,41,3,10100,41003010100,600,1,437,11
583,48,21,4,12,3,2,0,7,4,10,2,3,8,8,1,0,41,3,10100,41003010100,600,1,438,11
584,90,31,4,13,3,11,0,15,8,8,3,5,11,12,1,0,41,3,10100,41003010100,600,1,439,11
585,397,137,14,59,17,47,1,74,34,28,12,21,49,55,5,0,41,3,10100,41003010100,600,1,440,11
586,712,261,27,122,54,58,3,120,68,70,18,34,98,111,9,0,41,3,10100,41003010100,600,1,441,11
587,416,152,23,60,30,39,1,82,38,31,10,20,57,65,5,0,41,3,10100,41003010100,600,1,442,11
588,44,18,2,9,3,4,1,10,3,4,0,3,7,8,1,0,41,3,10100,41003010100,600,1,443,11
589,181,71,10,37,12,12,3,31,18,19,1,12,27,31,2,0,41,3,10100,41003010100,600,1,444,11
590,282,111,14,59,14,24,2,61,26,22,2,19,42,48,4,0,41,3,10100,41003010100,600,1,445,11
591,355,119,14,44,25,36,2,67,28,22,10,19,42,48,4,0,41,3,10100,41003010100,600,1,446,11
592,145,50,5,20,9,16,1,26,11,12,4,8,18,20,2,0,41,3,10100,41003010100,600,1,447,11
593,112,40,4,18,6,12,1,17,10,12,3,5,15,17,2,0,41,3,10100,41003010100,600,1,448,11
594,218,75,7,29,15,24,1,37,17,20,6,12,27,30,3,0,41,3,10100,41003010100,600,1,449,11
595,346,123,18,45,24,36,2,81,26,14,2,21,47,53,4,0,41,3,10100,41003010100,600,1,450,11
596,173,67,8,33,11,15,3,36,12,16,1,11,26,29,2,0,41,3,10100,41003010100,600,1,451,11
597,150,58,8,28,9,13,2,31,12,13,1,10,22,25,2,0,41,3,10100,41003010100,600,1,452,11
598,149,58,6,27,14,11,2,21,15,20,3,4,25,26,2,0,41,3,10100,41003010100,600,1,453,11
599,117,39,3,17,7,12,0,17,11,11,2,2,17,18,2,0,41,3,10100,41003010100,600,1,454,11
600,34,14,2,7,2,3,0,6,5,3,1,1,6,6,0,0,41,3,10100,41003010100,600,1,455,11
601,36,14,2,7,2,3,0,6,5,3,1,1,6,6,1,0,41,3,10100,41003010100,600,1,456,11
602,14,6,2,2,0,2,0,3,3,0,0,0,3,3,0,0,41,3,10100,41003010100,600,1,457,11
603,39,16,4,7,1,4,0,7,4,5,1,1,7,7,1,0,41,3,10100,41003010100,600,1,458,11
604,11,5,1,2,2,0,0,1,2,2,0,0,3,2,0,0,41,3,10100,41003010100,600,1,459,11
605,197,68,10,29,7,22,0,35,17,16,3,4,30,31,3,0,41,3,10100,41003010100,600,1,460,11
606,7,3,1,1,0,1,0,1,2,0,0,0,1,2,0,0,41,3,10100,41003010100,600,1,461,11
607,46,17,5,6,2,4,2,7,6,2,1,3,6,7,1,0,41,3,10100,41003010100,600,1,462,11
608,127,50,12,18,8,12,0,30,10,10,4,8,18,20,2,0,41,3,10100,41003010100,600,1,463,11
609,248,102,30,36,11,25,6,52,26,18,9,16,36,41,3,0,41,3,10100,41003010100,600,1,464,11
610,98,48,12,29,4,3,0,15,5,28,4,8,17,19,1,0,41,3,10100,41003010100,600,1,465,11
611,0,0,0,0,0,0,0,0,0,0,0,0,0,0,0,0,41,3,10100,41003010100,600,1,466,11
612,0,0,0,0,0,0,0,0,0,0,0,0,0,0,0,0,41,3,10100,41003010100,600,1,467,11
613,0,0,0,0,0,0,0,0,0,0,0,0,0,0,0,0,41,3,10100,41003010100,600,1,468,11
614,19,0,0,0,0,0,0,0,0,0,0,0,0,0,0,0,41,43,20400,41043020400,600,1,469,22
615,4,2,0,2,0,0,0,0,0,2,0,0,1,1,0,0,41,43,30700,41043030700,600,1,470,30
616,8,3,0,1,2,0,0,1,0,2,0,1,1,1,0,0,41,43,30700,41043030700,600,1,471,30
617,0,0,0,0,0,0,0,0,0,0,0,0,0,0,0,0,41,43,30700,41043030700,600,1,472,30
618,7,3,1,1,0,1,0,1,1,1,0,1,1,1,0,0,41,43,30700,41043030700,600,1,473,30
619,34,11,0,7,3,1,1,4,5,1,1,3,3,4,0,0,41,43,30700,41043030700,600,1,474,30
620,23,7,0,4,0,3,0,5,1,1,1,2,2,2,0,0,41,43,30700,41043030700,600,1,475,30
621,1,1,1,0,0,0,0,0,1,0,0,0,1,0,0,0,41,43,20300,41043020300,600,1,476,21
622,16,7,1,4,1,1,1,5,1,0,2,1,3,1,0,0,41,43,20300,41043020300,600,1,477,21
623,91,45,18,18,3,6,2,25,10,8,4,11,16,14,1,0,41,43,20300,41043020300,600,1,478,21
624,54,43,35,6,1,1,2,4,8,29,21,11,9,2,1,0,41,43,20400,41043020400,600,1,479,22
625,3,2,1,1,0,0,1,1,0,0,1,1,0,0,0,0,41,43,20400,41043020400,600,1,480,22
626,25,11,3,4,2,2,5,5,0,1,5,3,2,1,0,0,41,43,20400,41043020400,600,1,481,22
627,11,8,5,3,0,0,1,4,2,1,4,2,2,0,0,0,41,43,20400,41043020400,600,1,482,22
628,0,0,0,0,0,0,0,0,0,0,0,0,0,0,0,0,41,43,20400,41043020400,600,1,483,22
629,0,0,0,0,0,0,0,0,0,0,0,0,0,0,0,0,41,43,20400,41043020400,600,1,484,22
630,20,11,4,5,2,0,4,7,0,0,5,3,2,1,0,0,41,43,20400,41043020400,600,1,485,22
631,0,0,0,0,0,0,0,0,0,0,0,0,0,0,0,0,41,43,20400,41043020400,600,1,486,22
632,138,54,16,21,7,10,8,31,9,6,26,14,11,3,2,0,41,43,20400,41043020400,600,1,487,22
633,25,18,12,5,1,0,4,13,0,1,9,5,3,1,0,0,41,43,20400,41043020400,600,1,488,22
634,71,39,18,16,1,4,9,23,6,1,19,10,8,2,1,0,41,43,20400,41043020400,600,1,489,22
635,0,0,0,0,0,0,0,0,0,0,0,0,0,0,0,0,41,43,20400,41043020400,600,1,490,22
636,0,0,0,0,0,0,0,0,0,0,0,0,0,0,0,0,41,43,20400,41043020400,600,1,491,22
637,45,18,4,7,4,3,0,13,4,1,6,7,4,1,1,0,41,43,20400,41043020400,600,1,492,22
638,70,29,8,12,3,6,1,19,3,6,7,11,9,2,1,0,41,43,20400,41043020400,600,1,493,22
639,209,83,22,29,16,16,1,48,17,17,19,31,27,6,3,0,41,43,20400,41043020400,600,1,494,22
640,97,40,13,12,7,8,4,17,13,6,9,15,13,3,1,0,41,43,20400,41043020400,600,1,495,22
641,164,62,17,16,12,17,4,36,5,17,14,23,20,5,2,0,41,43,20400,41043020400,600,1,496,22
643,15,6,2,1,1,2,0,5,1,0,1,2,2,1,0,0,41,43,20400,41043020400,600,1,497,22
644,133,53,13,18,7,15,5,21,11,16,12,20,17,4,2,0,41,43,20400,41043020400,600,1,498,22
645,43,18,3,9,4,2,3,10,2,3,4,7,6,1,1,0,41,43,20400,41043020400,600,1,499,22
646,103,40,7,14,10,9,2,22,11,5,14,15,8,3,1,0,41,43,20400,41043020400,600,1,500,22
647,265,110,36,36,23,15,12,61,21,16,39,42,22,7,4,0,41,43,20400,41043020400,600,1,501,22
648,98,46,19,12,8,7,7,20,10,9,16,18,9,3,1,0,41,43,20400,41043020400,600,1,502,22
649,104,49,24,11,6,8,9,23,8,9,17,19,10,3,1,0,41,43,20400,41043020400,600,1,503,22
650,197,81,20,34,14,13,7,53,15,6,28,31,17,5,3,0,41,43,20400,41043020400,600,1,504,22
651,76,21,3,6,2,10,2,11,5,3,7,9,4,1,1,0,41,43,20400,41043020400,600,1,505,22
652,36,15,4,7,1,3,0,8,6,1,5,6,3,1,0,0,41,43,20400,41043020400,600,1,506,22
653,57,27,12,6,3,6,2,20,4,1,13,7,5,2,1,0,41,43,20400,41043020400,600,1,507,22
654,288,114,37,28,23,26,12,79,15,8,56,29,23,6,4,0,41,43,20400,41043020400,600,1,508,22
655,210,91,40,18,14,19,3,53,23,12,44,24,18,5,3,0,41,43,20400,41043020400,600,1,509,22
656,0,0,0,0,0,0,0,0,0,0,0,0,0,0,0,0,41,43,20801,41043020801,600,1,510,26
657,92,22,9,4,2,7,0,14,4,4,11,6,4,1,1,0,41,43,20400,41043020400,600,1,511,22
658,232,92,29,28,14,21,10,49,21,12,45,24,18,5,3,0,41,43,20400,41043020400,600,1,512,22
659,0,0,0,0,0,0,0,0,0,0,0,0,0,0,0,0,41,43,20400,41043020400,600,1,513,22
660,28,8,6,0,0,2,0,8,0,0,4,2,2,0,0,0,41,43,20400,41043020400,600,1,514,22
661,0,0,0,0,0,0,0,0,0,0,0,0,0,0,0,0,41,43,20400,41043020400,600,1,515,22
662,0,0,0,0,0,0,0,0,0,0,0,0,0,0,0,0,41,43,20300,41043020300,600,1,516,21
663,30,5,3,0,2,0,0,4,0,1,3,1,1,0,0,0,41,43,20400,41043020400,600,1,517,22
664,12,4,0,1,2,1,0,1,3,0,2,1,1,0,0,0,41,43,20400,41043020400,600,1,518,22
665,28,14,7,3,1,3,2,9,2,1,6,4,3,1,0,0,41,43,20400,41043020400,600,1,519,22
666,87,44,26,10,4,4,4,21,15,4,3,11,16,14,1,0,41,43,20300,41043020300,600,1,520,21
667,86,39,11,17,6,5,0,12,16,11,3,10,14,12,1,0,41,43,20300,41043020300,600,1,521,21
668,49,26,10,10,5,1,4,11,10,1,5,5,7,9,1,0,41,43,20300,41043020300,600,1,522,21
669,48,17,1,9,2,5,2,6,4,5,3,3,5,6,1,0,41,43,20300,41043020300,600,1,523,21
670,35,14,4,3,3,4,0,9,4,1,1,5,6,2,0,0,41,43,20300,41043020300,600,1,524,21
671,0,0,0,0,0,0,0,0,0,0,0,0,0,0,0,0,41,43,20801,41043020801,600,1,525,26
672,44,22,8,7,6,1,1,13,7,1,2,8,9,3,1,0,41,43,20300,41043020300,600,1,526,21
673,112,46,12,16,9,9,3,29,10,4,4,17,19,6,1,0,41,43,20300,41043020300,600,1,527,21
674,95,40,12,13,6,9,0,22,8,10,3,15,17,5,1,0,41,43,20300,41043020300,600,1,528,21
675,158,73,26,28,9,10,1,35,19,18,15,14,20,24,2,0,41,43,20300,41043020300,600,1,529,21
676,93,36,6,15,6,9,1,14,13,8,3,9,13,11,1,0,41,43,20300,41043020300,600,1,530,21
677,140,58,19,18,9,12,4,31,16,7,5,14,21,18,2,0,41,43,20300,41043020300,600,1,531,21
678,121,42,9,13,9,11,9,21,6,6,21,11,8,2,2,0,41,43,20400,41043020400,600,1,532,22
679,72,30,6,12,6,6,1,14,8,7,2,7,11,10,1,0,41,43,20300,41043020300,600,1,533,21
680,26,12,1,8,3,0,4,3,3,2,1,3,4,4,0,0,41,43,20300,41043020300,600,1,534,21
681,25,12,4,4,3,1,1,8,2,1,3,2,3,4,0,0,41,43,20300,41043020300,600,1,535,21
682,167,80,32,26,8,14,10,48,7,15,16,15,22,27,2,0,41,43,20300,41043020300,600,1,536,21
683,117,45,9,16,6,14,1,29,7,8,3,17,19,6,1,0,41,43,20300,41043020300,600,1,537,21
684,102,43,12,16,7,8,0,25,10,8,3,16,18,6,1,0,41,43,20300,41043020300,600,1,538,21
685,179,86,33,34,6,13,10,50,20,6,7,32,36,11,2,0,41,43,20300,41043020300,600,1,539,21
686,97,35,9,12,7,7,0,19,11,5,3,13,15,4,1,0,41,43,20300,41043020300,600,1,540,21
687,200,79,23,26,13,17,4,47,15,13,16,15,22,26,3,0,41,43,20300,41043020300,600,1,541,21
688,92,36,15,9,5,7,2,18,10,6,7,7,10,12,1,0,41,43,20300,41043020300,600,1,542,21
689,30,11,5,1,1,4,0,8,1,2,1,3,4,3,0,0,41,43,20300,41043020300,600,1,543,21
690,57,2,1,1,0,0,0,0,1,1,0,0,1,1,0,0,41,43,20300,41043020300,600,1,544,21
691,51,23,6,9,6,2,1,13,4,5,2,6,8,7,1,0,41,43,20300,41043020300,600,1,545,21
692,68,29,9,9,4,7,3,11,7,8,6,5,8,10,1,0,41,43,20300,41043020300,600,1,546,21
693,44,18,2,9,5,2,0,7,6,5,4,3,5,6,1,0,41,43,20300,41043020300,600,1,547,21
694,83,34,11,11,4,8,0,14,9,11,7,6,10,11,1,0,41,43,20300,41043020300,600,1,548,21
695,100,42,13,15,5,9,3,30,2,7,14,8,14,6,1,0,41,43,20300,41043020300,600,1,549,21
696,73,29,9,8,6,6,0,18,5,6,2,11,12,4,1,0,41,43,20300,41043020300,600,1,550,21
697,145,55,16,16,4,19,1,33,13,8,18,10,19,8,2,0,41,43,20300,41043020300,600,1,551,21
698,121,53,16,19,8,10,0,38,10,5,17,10,18,8,2,0,41,43,20300,41043020300,600,1,552,21
699,159,70,24,23,13,10,3,38,19,10,23,13,24,10,2,0,41,43,20300,41043020300,600,1,553,21
700,284,114,33,41,21,19,4,74,23,13,37,22,39,16,4,0,41,43,20300,41043020300,600,1,554,21
701,120,53,21,18,5,9,7,34,6,6,17,10,18,8,2,0,41,43,20300,41043020300,600,1,555,21
702,344,128,24,51,20,33,0,66,31,31,9,17,44,58,5,0,41,43,20300,41043020300,600,1,556,21
703,2,1,0,1,0,0,0,0,0,1,0,0,0,1,0,0,41,43,20300,41043020300,600,1,557,21
704,0,0,0,0,0,0,0,0,0,0,0,0,0,0,0,0,41,43,20300,41043020300,600,1,558,21
705,328,116,28,32,20,36,14,82,12,8,9,42,47,18,4,0,41,43,20300,41043020300,600,1,559,21
706,0,0,0,0,0,0,0,0,0,0,0,0,0,0,0,0,41,43,20802,41043020802,600,1,560,27
707,0,0,0,0,0,0,0,0,0,0,0,0,0,0,0,0,41,43,20802,41043020802,600,1,561,27
708,603,262,61,121,38,42,2,81,68,111,19,34,90,119,8,0,41,43,20300,41043020300,600,1,562,21
709,1953,618,66,189,116,247,10,425,93,90,44,81,213,280,25,0,41,43,20300,41043020300,600,1,563,21
710,75,30,4,14,7,5,0,10,10,10,3,7,9,11,1,0,41,43,30700,41043030700,600,1,564,30
711,63,25,3,13,3,6,2,12,4,7,3,6,7,9,1,0,41,43,30700,41043030700,600,1,565,30
712,12,5,1,3,0,1,0,2,2,1,1,1,1,2,0,0,41,43,30700,41043030700,600,1,566,30
713,20,8,2,4,0,2,0,3,3,2,1,2,2,3,0,0,41,43,30700,41043030700,600,1,567,30
714,114,47,9,24,3,11,1,20,13,13,5,11,13,18,2,0,41,43,30700,41043030700,600,1,568,30
715,73,31,8,15,2,6,0,7,12,12,3,7,9,12,2,0,41,43,30700,41043030700,600,1,569,30
716,14,7,3,3,0,1,0,5,1,1,1,2,2,2,0,0,41,43,30700,41043030700,600,1,570,30
717,128,47,7,21,5,14,0,24,14,9,5,11,13,18,3,0,41,43,30700,41043030700,600,1,571,30
718,66,26,5,11,5,5,0,13,6,7,3,6,7,10,1,0,41,43,30700,41043030700,600,1,572,30
719,96,36,5,14,9,8,1,16,10,9,4,8,10,14,2,0,41,43,30700,41043030700,600,1,573,30
720,12,5,1,2,1,1,0,1,2,2,1,1,1,2,0,0,41,43,30700,41043030700,600,1,574,30
721,19,7,1,3,1,2,0,2,2,3,2,2,2,1,0,0,41,43,20200,41043020200,600,1,575,20
722,1387,618,188,238,95,97,117,289,136,76,162,157,165,134,19,0,41,43,20200,41043020200,600,1,576,20
723,20,6,0,1,4,1,0,3,0,3,2,1,2,1,0,0,41,43,20200,41043020200,600,1,577,20
724,0,0,0,0,0,0,0,0,0,0,0,0,0,0,0,0,41,43,20200,41043020200,600,1,578,20
725,12,6,1,4,1,0,0,0,2,4,2,1,2,1,0,0,41,43,20200,41043020200,600,1,579,20
726,1,0,0,0,0,0,0,0,0,0,0,0,0,0,0,0,41,43,20700,41043020700,600,1,580,25
727,1,0,0,0,0,0,0,0,0,0,0,0,0,0,0,0,41,43,20700,41043020700,600,1,581,25
728,85,26,4,8,4,10,1,17,4,4,2,3,9,12,1,0,41,43,20300,41043020300,600,1,582,21
729,314,150,57,57,15,21,4,61,48,37,11,20,51,68,4,0,41,43,20300,41043020300,600,1,583,21
730,93,40,11,17,6,6,1,27,6,6,10,17,10,3,1,0,41,43,20700,41043020700,600,1,584,25
731,0,0,0,0,0,0,0,0,0,0,0,0,0,0,0,0,41,43,20700,41043020700,600,1,585,25
732,0,0,0,0,0,0,0,0,0,0,0,0,0,0,0,0,41,43,20700,41043020700,600,1,586,25
733,7,3,0,2,1,0,0,1,0,2,1,1,1,0,0,0,41,43,20700,41043020700,600,1,587,25
734,0,0,0,0,0,0,0,0,0,0,0,0,0,0,0,0,41,43,20700,41043020700,600,1,588,25
735,51,23,5,12,3,3,1,7,5,10,6,6,6,5,1,0,41,43,20200,41043020200,600,1,589,20
736,29,10,0,6,1,3,1,2,3,4,2,3,2,3,0,0,41,43,20600,41043020600,600,1,590,24
737,0,0,0,0,0,0,0,0,0,0,0,0,0,0,0,0,41,43,20600,41043020600,600,1,591,24
738,0,0,0,0,0,0,0,0,0,0,0,0,0,0,0,0,41,43,20600,41043020600,600,1,592,24
739,0,0,0,0,0,0,0,0,0,0,0,0,0,0,0,0,41,43,20600,41043020600,600,1,593,24
740,359,133,26,51,20,36,2,71,31,29,29,40,29,35,5,0,41,43,20600,41043020600,600,1,594,24
741,175,72,8,42,9,13,0,30,19,23,16,21,16,19,2,0,41,43,20600,41043020600,600,1,595,24
742,484,275,177,98,0,0,0,0,0,275,61,82,59,73,5,0,41,43,20600,41043020600,600,1,596,24
743,72,27,5,10,6,6,2,13,6,6,6,8,6,7,1,0,41,43,20600,41043020600,600,1,597,24
744,561,225,46,100,25,54,4,111,50,60,50,67,48,60,7,0,41,43,20600,41043020600,600,1,598,24
745,799,286,44,103,60,79,13,191,49,33,69,60,90,67,10,0,41,43,20700,41043020700,600,1,599,25
746,796,355,120,129,48,58,7,134,79,135,85,155,86,29,11,0,41,43,20700,41043020700,600,1,600,25
747,2,1,0,1,0,0,1,0,0,0,0,1,0,0,0,0,41,43,20700,41043020700,600,1,601,25
748,81,0,0,0,0,0,0,0,0,0,0,0,0,0,0,0,41,43,20700,41043020700,600,1,602,25
749,14,7,3,2,1,1,0,7,0,0,2,1,2,2,0,0,41,43,20700,41043020700,600,1,603,25
750,730,261,45,94,53,69,19,157,44,41,63,54,82,62,9,0,41,43,20700,41043020700,600,1,604,25
751,361,187,91,55,18,23,24,86,35,42,45,39,59,44,5,0,41,43,20700,41043020700,600,1,605,25
752,186,66,8,30,10,18,1,31,14,20,16,14,21,15,2,0,41,43,20700,41043020700,600,1,606,25
753,99,36,9,14,3,10,0,16,8,12,2,17,13,4,1,0,41,43,20600,41043020600,600,1,607,24
754,0,0,0,0,0,0,0,0,0,0,0,0,0,0,0,0,41,43,20600,41043020600,600,1,608,24
755,230,85,5,44,18,18,2,37,23,23,5,41,30,9,3,0,41,43,20600,41043020600,600,1,609,24
756,765,332,83,159,33,57,2,107,67,156,29,106,123,74,10,0,41,43,20600,41043020600,600,1,610,24
757,6,3,1,1,0,1,0,1,1,1,0,1,1,1,0,0,41,43,20600,41043020600,600,1,611,24
758,207,85,18,37,15,15,1,31,18,35,5,41,30,9,3,0,41,43,20600,41043020600,600,1,612,24
759,215,91,19,41,17,14,2,51,15,23,6,43,32,10,3,0,41,43,20600,41043020600,600,1,613,24
760,89,30,7,8,4,11,0,17,5,8,7,10,11,2,1,0,41,43,20700,41043020700,600,1,614,25
761,85,33,8,13,4,8,0,17,7,9,8,11,12,2,1,0,41,43,20700,41043020700,600,1,615,25
762,273,91,12,30,19,30,3,52,18,18,21,31,32,7,4,0,41,43,20700,41043020700,600,1,616,25
763,534,222,81,57,32,52,22,145,25,30,50,76,80,16,7,0,41,43,20700,41043020700,600,1,617,25
764,238,84,23,18,14,29,3,59,11,11,20,18,36,10,3,0,41,43,20802,41043020802,600,1,618,27
765,0,0,0,0,0,0,0,0,0,0,0,0,0,0,0,0,41,43,20802,41043020802,600,1,619,27
766,1,1,1,0,0,0,0,1,0,0,0,0,1,0,0,0,41,43,20802,41043020802,600,1,620,27
767,0,0,0,0,0,0,0,0,0,0,0,0,0,0,0,0,41,43,20802,41043020802,600,1,621,27
768,243,100,29,31,17,23,12,58,16,14,24,21,43,12,3,0,41,43,20802,41043020802,600,1,622,27
769,0,0,0,0,0,0,0,0,0,0,0,0,0,0,0,0,41,43,20802,41043020802,600,1,623,27
770,201,73,16,23,13,21,5,51,8,9,18,15,31,9,3,0,41,43,20802,41043020802,600,1,624,27
771,490,175,35,52,37,51,12,115,27,21,41,72,42,20,6,0,41,43,20802,41043020802,600,1,625,27
772,436,180,60,61,31,28,21,99,34,26,41,62,64,13,5,0,41,43,20700,41043020700,600,1,626,25
773,110,40,7,16,6,11,0,22,11,7,9,14,14,3,1,0,41,43,20700,41043020700,600,1,627,25
774,158,56,10,23,6,17,1,34,13,8,13,23,14,6,2,0,41,43,20802,41043020802,600,1,628,27
775,604,253,85,72,43,53,21,146,37,49,60,103,62,28,8,0,41,43,20802,41043020802,600,1,629,27
776,261,89,12,33,17,27,2,42,17,28,20,31,32,6,3,0,41,43,20700,41043020700,600,1,630,25
777,149,57,12,23,8,14,3,27,12,15,14,23,14,6,2,0,41,43,20802,41043020802,600,1,631,27
778,291,145,65,42,20,18,4,50,18,73,47,39,38,21,4,0,41,43,20600,41043020600,600,1,632,24
779,599,254,77,90,39,48,8,116,50,80,81,69,67,37,8,0,41,43,20600,41043020600,600,1,633,24
780,1122,390,72,126,75,117,23,256,64,47,15,83,197,95,14,0,41,43,20600,41043020600,600,1,634,24
781,1394,465,77,135,93,160,35,349,46,35,18,99,235,113,18,0,41,43,20600,41043020600,600,1,635,24
782,517,184,25,72,28,59,2,101,33,48,51,55,48,30,7,0,41,43,20500,41043020500,600,1,636,23
783,586,323,168,101,28,26,14,88,53,168,89,97,84,53,8,0,41,43,20500,41043020500,600,1,637,23
784,1200,536,210,151,70,105,66,276,78,116,171,145,141,79,16,0,41,43,20600,41043020600,600,1,638,24
785,122,50,16,14,7,13,1,24,6,19,16,14,13,7,2,0,41,43,20600,41043020600,600,1,639,24
786,229,106,44,30,14,18,10,50,14,32,34,28,28,16,3,0,41,43,20600,41043020600,600,1,640,24
787,368,159,47,57,28,27,37,97,13,12,37,66,51,5,5,0,41,43,20802,41043020802,600,1,641,27
788,825,330,78,124,55,73,63,198,39,30,77,137,105,11,11,0,41,43,20802,41043020802,600,1,642,27
789,114,42,8,14,9,11,2,25,9,6,10,20,11,1,2,0,41,43,20802,41043020802,600,1,643,27
790,197,71,17,24,9,21,1,44,12,14,17,34,19,1,3,0,41,43,20802,41043020802,600,1,644,27
791,389,131,29,36,23,43,15,66,18,32,31,62,35,3,5,0,41,43,20802,41043020802,600,1,645,27
792,291,110,30,26,24,30,14,65,12,19,26,53,29,2,4,0,41,43,20802,41043020802,600,1,646,27
793,264,104,30,28,23,23,13,57,16,18,24,50,28,2,4,0,41,43,20802,41043020802,600,1,647,27
794,446,127,18,36,27,46,20,87,17,3,30,53,40,4,5,0,41,43,20802,41043020802,600,1,648,27
795,216,78,21,16,18,23,8,51,8,11,18,37,21,2,3,0,41,43,20802,41043020802,600,1,649,27
796,395,137,33,31,32,41,23,68,24,22,32,65,37,3,5,0,41,43,20802,41043020802,600,1,650,27
797,354,120,23,35,21,41,8,88,15,9,29,25,51,15,5,0,41,43,20802,41043020802,600,1,651,27
798,121,44,9,14,8,13,3,30,5,6,11,9,19,5,2,0,41,43,20802,41043020802,600,1,652,27
799,2,1,0,1,0,0,0,0,1,0,0,1,0,0,0,0,41,43,20801,41043020801,600,1,653,26
800,29,10,2,3,2,3,1,5,2,2,2,5,2,1,0,0,41,43,20801,41043020801,600,1,654,26
801,266,88,14,27,19,28,5,60,13,10,18,45,18,7,3,0,41,43,20801,41043020801,600,1,655,26
802,0,0,0,0,0,0,0,0,0,0,0,0,0,0,0,0,41,43,20801,41043020801,600,1,656,26
803,0,0,0,0,0,0,0,0,0,0,0,0,0,0,0,0,41,43,20801,41043020801,600,1,657,26
804,80,5,2,1,1,1,1,3,1,0,1,3,1,0,0,0,41,43,20801,41043020801,600,1,658,26
805,214,0,0,0,0,0,0,0,0,0,0,0,0,0,0,0,41,43,20801,41043020801,600,1,659,26
806,64,27,12,6,5,4,1,15,5,6,6,14,5,2,1,0,41,43,20801,41043020801,600,1,660,26
807,182,61,11,15,14,21,3,38,10,10,13,31,12,5,2,0,41,43,20801,41043020801,600,1,661,26
808,107,42,10,16,4,12,6,17,10,9,9,22,8,3,1,0,41,43,20801,41043020801,600,1,662,26
809,250,96,23,37,15,21,2,53,20,21,36,26,31,3,3,0,41,43,20801,41043020801,600,1,663,26
810,160,71,32,16,9,14,3,39,14,15,15,36,14,6,2,0,41,43,20801,41043020801,600,1,664,26
811,0,0,0,0,0,0,0,0,0,0,0,0,0,0,0,0,41,43,20801,41043020801,600,1,665,26
812,1,1,1,0,0,0,1,0,0,0,0,1,0,0,0,0,41,43,20801,41043020801,600,1,666,26
813,28,7,0,2,1,4,0,6,1,0,4,1,2,0,0,0,41,43,20400,41043020400,600,1,667,22
814,137,63,26,16,10,11,3,37,13,10,31,12,16,4,2,0,41,43,20400,41043020400,600,1,668,22
815,181,62,9,24,10,19,11,34,8,9,31,12,16,3,2,0,41,43,20400,41043020400,600,1,669,22
816,0,0,0,0,0,0,0,0,0,0,0,0,0,0,0,0,41,43,20801,41043020801,600,1,670,26
817,55,24,10,5,4,5,3,17,3,1,9,6,8,1,1,0,41,43,20801,41043020801,600,1,671,26
818,107,54,24,17,6,7,4,26,10,14,20,15,17,2,1,0,41,43,20801,41043020801,600,1,672,26
819,41,19,7,6,2,4,1,9,3,6,7,5,6,1,1,0,41,43,20801,41043020801,600,1,673,26
820,379,134,34,37,24,39,15,70,25,24,50,37,43,4,5,0,41,43,20801,41043020801,600,1,674,26
821,0,0,0,0,0,0,0,0,0,0,0,0,0,0,0,0,41,43,20801,41043020801,600,1,675,26
822,563,290,150,71,31,38,43,159,43,45,107,80,93,10,7,0,41,43,20801,41043020801,600,1,676,26
823,473,183,62,46,32,43,19,104,31,29,50,56,47,30,6,0,41,43,20500,41043020500,600,1,677,23
824,181,141,116,16,5,4,4,30,9,98,39,43,36,23,2,0,41,43,20500,41043020500,600,1,678,23
825,195,123,84,18,9,12,11,54,31,27,34,37,32,20,3,0,41,43,20500,41043020500,600,1,679,23
826,0,0,0,0,0,0,0,0,0,0,0,0,0,0,0,0,41,43,20500,41043020500,600,1,680,23
827,53,20,5,5,4,6,5,10,3,2,7,5,5,3,1,0,41,43,20500,41043020500,600,1,681,23
828,100,30,6,8,3,13,2,19,7,2,14,6,8,2,1,0,41,43,20400,41043020400,600,1,682,22
829,179,69,20,20,11,18,5,45,10,9,34,13,18,4,2,0,41,43,20400,41043020400,600,1,683,22
830,108,38,10,9,4,15,3,22,10,3,19,7,10,2,1,0,41,43,20400,41043020400,600,1,684,22
831,54,18,7,2,2,7,1,8,8,1,9,3,5,1,1,0,41,43,20400,41043020400,600,1,685,22
832,24,10,3,2,3,2,0,8,1,1,5,2,3,0,0,0,41,43,20400,41043020400,600,1,686,22
833,233,97,31,33,17,16,5,46,20,26,48,19,25,5,3,0,41,43,20400,41043020400,600,1,687,22
834,21,14,8,5,1,0,1,4,2,7,6,3,4,1,0,0,41,43,20400,41043020400,600,1,688,22
835,174,66,22,15,10,19,10,36,12,8,22,17,16,11,2,0,41,43,20500,41043020500,600,1,689,23
836,179,71,17,27,10,17,4,40,14,13,24,18,17,12,2,0,41,43,20500,41043020500,600,1,690,23
837,87,30,5,12,6,7,0,18,3,9,10,8,7,5,1,0,41,43,20500,41043020500,600,1,691,23
838,0,0,0,0,0,0,0,0,0,0,0,0,0,0,0,0,41,43,20500,41043020500,600,1,692,23
839,223,61,15,17,15,14,2,32,10,17,17,18,16,10,2,0,41,43,20500,41043020500,600,1,693,23
840,12,4,1,2,0,1,0,2,1,1,1,1,1,1,0,0,41,43,20500,41043020500,600,1,694,23
841,77,26,4,9,4,9,2,12,7,5,9,7,6,4,1,0,41,43,20500,41043020500,600,1,695,23
842,171,67,11,31,11,14,11,33,15,8,22,17,16,12,2,0,41,43,20500,41043020500,600,1,696,23
843,0,0,0,0,0,0,0,0,0,0,0,0,0,0,0,0,41,43,20500,41043020500,600,1,697,23
844,72,30,6,14,4,6,0,13,10,7,14,6,8,2,1,0,41,43,20400,41043020400,600,1,698,22
845,157,76,35,19,10,12,1,38,16,21,7,15,35,19,2,0,41,43,20100,41043020100,600,1,699,19
846,0,0,0,0,0,0,0,0,0,0,0,0,0,0,0,0,41,43,20500,41043020500,600,1,700,23
847,0,0,0,0,0,0,0,0,0,0,0,0,0,0,0,0,41,43,20500,41043020500,600,1,701,23
848,188,85,19,45,11,10,11,40,19,15,28,22,20,15,2,0,41,43,20500,41043020500,600,1,702,23
849,100,37,9,16,4,8,2,19,10,6,12,10,9,6,1,0,41,43,20500,41043020500,600,1,703,23
850,97,46,12,23,5,6,1,11,12,22,15,12,11,8,1,0,41,43,20500,41043020500,600,1,704,23
851,243,101,30,35,19,17,6,41,28,26,34,26,24,17,3,0,41,43,20500,41043020500,600,1,705,23
852,227,87,10,42,17,18,0,48,16,23,24,26,23,14,3,0,41,43,20500,41043020500,600,1,706,23
853,2,1,0,1,0,0,0,1,0,0,0,0,1,0,0,0,41,43,20100,41043020100,600,1,707,19
854,0,0,0,0,0,0,0,0,0,0,0,0,0,0,0,0,41,43,20100,41043020100,600,1,708,19
855,37,17,4,9,1,3,0,6,5,6,3,3,8,3,0,0,41,43,20100,41043020100,600,1,709,19
856,712,289,75,103,41,70,9,161,54,65,44,54,130,61,9,0,41,43,20100,41043020100,600,1,710,19
857,670,219,23,77,44,75,3,166,32,18,34,40,99,46,9,0,41,43,20100,41043020100,600,1,711,19
858,21,8,2,2,2,2,0,3,4,1,1,2,3,2,0,0,41,43,20100,41043020100,600,1,712,19
859,0,0,0,0,0,0,0,0,0,0,0,0,0,0,0,0,41,43,20100,41043020100,600,1,713,19
860,116,38,2,17,7,12,1,23,6,8,3,9,12,14,1,0,41,43,20100,41043020100,600,1,714,19
861,38,14,2,6,2,4,0,6,3,5,1,3,4,6,0,0,41,43,20100,41043020100,600,1,715,19
862,12,4,1,1,1,1,0,2,1,1,0,1,1,2,0,0,41,43,20100,41043020100,600,1,716,19
863,6,3,1,1,1,0,0,0,1,2,0,1,1,1,0,0,41,43,20100,41043020100,600,1,717,19
864,8,3,1,1,1,0,2,1,0,0,0,1,1,1,0,0,41,43,20100,41043020100,600,1,718,19
865,32,11,2,5,2,2,1,5,2,3,1,2,4,4,0,0,41,43,20100,41043020100,600,1,719,19
866,3,1,0,0,0,1,1,0,0,0,0,0,1,0,0,0,41,43,20100,41043020100,600,1,720,19
867,7,2,0,0,0,2,0,2,0,0,0,0,1,1,0,0,41,43,20100,41043020100,600,1,721,19
868,0,0,0,0,0,0,0,0,0,0,0,0,0,0,0,0,41,43,20100,41043020100,600,1,722,19
869,45,29,13,16,0,0,0,6,11,12,5,5,13,6,1,0,41,43,20100,41043020100,600,1,723,19
870,77,35,12,14,3,6,3,14,7,11,5,7,16,7,1,0,41,43,20100,41043020100,600,1,724,19
871,199,77,15,33,14,15,3,31,14,29,12,14,35,16,3,0,41,43,20100,41043020100,600,1,725,19
872,0,0,0,0,0,0,0,0,0,0,0,0,0,0,0,0,41,43,20100,41043020100,600,1,726,19
873,241,86,18,28,12,28,0,52,13,21,13,16,39,18,3,0,41,43,20100,41043020100,600,1,727,19
874,2,1,1,0,0,0,1,0,0,0,0,0,1,0,0,0,41,43,20100,41043020100,600,1,728,19
875,3,1,0,0,0,1,1,0,0,0,0,0,1,0,0,0,41,43,20100,41043020100,600,1,729,19
876,3,1,0,0,0,1,1,0,0,0,0,0,1,0,0,0,41,43,20100,41043020100,600,1,730,19
877,27,11,5,2,1,3,0,4,2,5,1,2,4,4,0,0,41,43,20100,41043020100,600,1,731,19
878,8,3,0,2,0,1,0,1,1,1,0,1,1,1,0,0,41,43,20100,41043020100,600,1,732,19
879,20,7,1,3,1,2,1,2,2,2,1,1,2,3,0,0,41,43,20100,41043020100,600,1,733,19
880,14,8,3,4,1,0,0,2,1,5,1,2,2,3,0,0,41,43,20100,41043020100,600,1,734,19
881,15,6,1,3,0,2,0,1,2,3,1,1,2,2,0,0,41,43,20100,41043020100,600,1,735,19
882,12,5,0,4,0,1,0,1,1,3,0,1,2,2,0,0,41,43,20100,41043020100,600,1,736,19
883,3,3,2,1,0,0,0,1,1,1,0,1,1,1,0,0,41,43,20100,41043020100,600,1,737,19
884,0,0,0,0,0,0,0,0,0,0,0,0,0,0,0,0,41,43,20100,41043020100,600,1,738,19
885,4,1,1,0,0,0,0,1,0,0,0,0,1,0,0,0,41,43,20100,41043020100,600,1,739,19
886,0,0,0,0,0,0,0,0,0,0,0,0,0,0,0,0,41,43,20100,41043020100,600,1,740,19
887,11,4,1,1,0,2,0,2,1,1,0,1,2,1,0,0,41,43,20100,41043020100,600,1,741,19
888,104,35,0,17,8,10,1,17,9,8,3,8,11,13,1,0,41,43,20100,41043020100,600,1,742,19
889,180,69,11,27,16,15,0,32,13,24,11,13,31,14,2,0,41,43,20100,41043020100,600,1,743,19
890,0,0,0,0,0,0,0,0,0,0,0,0,0,0,0,0,41,43,20100,41043020100,600,1,744,19
891,170,62,10,26,12,14,3,26,15,18,5,14,20,23,2,0,41,43,20100,41043020100,600,1,745,19
892,7,2,0,1,0,1,0,1,1,0,0,0,1,1,0,0,41,43,20100,41043020100,600,1,746,19
893,19,7,1,3,1,2,0,3,0,4,0,2,2,3,0,0,41,43,20100,41043020100,600,1,747,19
894,40,10,0,3,2,5,0,6,3,1,1,2,3,4,1,0,41,43,20100,41043020100,600,1,748,19
895,7,2,0,1,0,1,0,2,0,0,0,0,1,1,0,0,41,43,20100,41043020100,600,1,749,19
896,0,0,0,0,0,0,0,0,0,0,0,0,0,0,0,0,41,43,20100,41043020100,600,1,750,19
897,2,1,0,1,0,0,0,0,1,0,0,0,0,1,0,0,41,43,20100,41043020100,600,1,751,19
898,10,4,0,3,1,0,0,1,1,2,0,1,1,2,0,0,41,43,20100,41043020100,600,1,752,19
899,10,4,0,3,1,0,0,1,1,2,0,1,1,2,0,0,41,43,20100,41043020100,600,1,753,19
900,36,15,4,5,2,4,0,6,4,5,1,3,5,6,0,0,41,43,20100,41043020100,600,1,754,19
901,13,6,1,4,0,1,0,3,1,2,1,1,2,2,0,0,41,43,20100,41043020100,600,1,755,19
902,57,23,4,12,3,4,0,11,3,9,6,6,6,5,1,0,41,43,20200,41043020200,600,1,756,20
903,7,2,0,1,0,1,0,2,0,0,0,1,1,0,0,0,41,43,30700,41043030700,600,1,757,30
904,18,9,3,3,2,1,1,4,2,2,2,2,3,2,0,0,41,43,20200,41043020200,600,1,758,20
905,14,7,3,2,2,0,0,3,2,2,2,2,2,1,0,0,41,43,20200,41043020200,600,1,759,20
906,8,3,0,2,0,1,1,1,1,0,1,1,1,0,0,0,41,43,20200,41043020200,600,1,760,20
907,16,5,0,2,1,2,0,2,2,1,2,1,1,1,0,0,41,43,20200,41043020200,600,1,761,20
908,30,11,2,5,1,3,1,5,2,3,3,3,3,2,1,0,41,43,20200,41043020200,600,1,762,20
909,54,19,4,8,2,5,1,8,4,6,5,5,5,4,1,0,41,43,20200,41043020200,600,1,763,20
910,0,0,0,0,0,0,0,0,0,0,0,0,0,0,0,0,41,43,20200,41043020200,600,1,764,20
911,0,0,0,0,0,0,0,0,0,0,0,0,0,0,0,0,41,43,20200,41043020200,600,1,765,20
912,26,11,3,6,1,1,0,7,0,4,3,3,3,2,0,0,41,43,20200,41043020200,600,1,766,20
913,0,0,0,0,0,0,0,0,0,0,0,0,0,0,0,0,41,43,20200,41043020200,600,1,767,20
914,3,1,1,0,0,0,0,1,0,0,0,1,0,0,0,0,41,43,20700,41043020700,600,1,768,25
915,594,200,27,54,57,62,29,119,28,24,48,87,48,17,8,0,41,43,20700,41043020700,600,1,769,25
916,245,97,23,33,18,23,2,60,15,20,10,30,35,22,3,0,41,43,20600,41043020600,600,1,770,24
917,76,33,6,17,6,4,1,15,9,8,3,11,12,7,1,0,41,43,20600,41043020600,600,1,771,24
918,248,86,11,29,22,24,4,56,16,10,13,16,39,18,3,0,41,43,20100,41043020100,600,1,772,19
919,102,38,7,14,6,11,1,20,9,8,3,6,14,15,1,0,41,3,10100,41003010100,600,1,773,11
920,0,0,0,0,0,0,0,0,0,0,0,0,0,0,0,0,41,43,20200,41043020200,600,1,774,20
921,1,1,1,0,0,0,0,0,1,0,0,0,1,0,0,0,41,43,30700,41043030700,600,1,775,30
922,48,16,2,5,3,6,2,6,3,5,4,4,4,4,1,0,41,43,20200,41043020200,600,1,776,20
923,70,30,12,9,4,5,1,17,5,7,8,8,8,6,1,0,41,43,20200,41043020200,600,1,777,20
924,1,1,1,0,0,0,0,0,0,1,0,0,1,0,0,0,41,43,30700,41043030700,600,1,778,30
1100,5,2,0,1,1,0,1,0,1,0,0,0,1,1,0,0,41,43,30800,41043030800,600,1,779,31
1101,16,8,2,4,1,1,1,3,1,3,1,2,4,1,0,0,41,43,30800,41043030800,600,1,780,31
1103,98,47,19,13,8,7,10,20,8,9,6,11,24,6,1,0,41,43,30800,41043030800,600,1,781,31
1104,135,66,23,23,14,6,17,27,9,13,9,16,33,8,2,0,41,43,30800,41043030800,600,1,782,31
1105,80,33,4,19,6,4,0,12,8,13,6,14,8,5,1,0,41,43,30800,41043030800,600,1,783,31
1106,126,42,9,12,8,13,4,22,5,11,6,10,21,5,2,0,41,43,30800,41043030800,600,1,784,31
1107,16,8,3,3,1,1,0,4,3,1,2,3,2,1,0,0,41,43,30800,41043030800,600,1,785,31
1108,170,62,14,21,7,20,3,34,11,14,8,16,31,7,2,0,41,43,30800,41043030800,600,1,786,31
1109,126,44,11,13,8,12,0,23,7,14,18,8,16,2,2,0,41,43,30800,41043030800,600,1,787,31
1110,255,73,11,19,15,28,5,46,13,9,29,14,27,3,3,0,41,43,30800,41043030800,600,1,788,31
1111,189,83,30,22,18,13,2,39,19,23,16,32,23,12,2,0,41,43,30800,41043030800,600,1,789,31
1112,5,2,0,1,1,0,0,1,1,0,1,0,1,0,0,0,41,43,30800,41043030800,600,1,790,31
1113,4,2,0,2,0,0,0,2,0,0,1,0,1,0,0,0,41,43,30800,41043030800,600,1,791,31
1114,146,59,16,23,10,10,2,31,11,15,26,12,17,4,2,0,41,43,30800,41043030800,600,1,792,31
1115,532,199,30,80,45,44,9,118,35,37,87,42,56,14,7,0,41,43,30800,41043030800,600,1,793,31
1116,161,57,8,18,17,14,1,26,16,14,8,14,29,6,2,0,41,43,30800,41043030800,600,1,794,31
1117,189,84,35,18,13,18,8,48,11,17,36,18,24,6,2,0,41,43,30800,41043030800,600,1,795,31
1118,59,17,2,6,1,8,0,8,6,3,7,4,5,1,1,0,41,43,30800,41043030800,600,1,796,31
1119,153,53,6,19,14,14,8,24,14,7,7,13,27,6,2,0,41,43,30800,41043030800,600,1,797,31
1120,297,89,18,36,18,17,14,56,6,13,12,22,45,10,3,0,41,43,30800,41043030800,600,1,798,31
1121,322,116,25,39,16,36,9,53,15,39,50,24,33,9,4,0,41,43,30800,41043030800,600,1,799,31
1122,568,287,148,65,36,38,17,102,32,136,125,60,81,21,7,0,41,43,30800,41043030800,600,1,800,31
1123,170,60,14,12,13,21,4,28,8,20,24,11,22,3,2,0,41,43,30800,41043030800,600,1,801,31
1124,168,79,33,25,10,11,4,43,9,23,32,15,29,3,2,0,41,43,30800,41043030800,600,1,802,31
1125,71,27,7,8,5,7,0,20,3,4,11,5,10,1,1,0,41,43,30800,41043030800,600,1,803,31
1126,144,55,19,15,11,10,5,29,10,11,23,10,20,2,2,0,41,43,30800,41043030800,600,1,804,31
1127,43,13,5,3,1,4,1,9,2,1,5,2,5,1,1,0,41,43,30800,41043030800,600,1,805,31
1128,26,15,9,3,2,1,1,11,2,1,6,3,5,1,0,0,41,43,30800,41043030800,600,1,806,31
1129,18,6,2,1,1,2,1,2,1,2,3,1,2,0,0,0,41,43,30800,41043030800,600,1,807,31
1130,20,8,2,3,1,2,1,3,1,3,3,2,3,0,0,0,41,43,30800,41043030800,600,1,808,31
1131,402,153,51,39,24,39,10,96,19,28,26,64,40,23,5,0,41,43,30800,41043030800,600,1,809,31
1132,94,34,13,13,2,6,1,21,6,6,6,14,9,5,1,0,41,43,30800,41043030800,600,1,810,31
1133,19,12,8,2,1,1,2,9,1,0,4,2,4,2,0,0,41,43,30800,41043030800,600,1,811,31
1134,125,56,22,17,5,12,1,27,15,13,17,12,20,7,2,0,41,43,30800,41043030800,600,1,812,31
1135,17,12,9,1,2,0,1,8,1,2,4,2,4,2,0,0,41,43,30800,41043030800,600,1,813,31
1136,114,34,11,8,7,8,1,20,8,5,11,7,12,4,1,0,41,43,30800,41043030800,600,1,814,31
1137,474,179,41,65,29,44,12,94,34,39,30,75,47,27,6,0,41,43,30800,41043030800,600,1,815,31
1138,618,263,85,92,40,46,18,112,44,89,80,56,94,33,8,0,41,43,30800,41043030800,600,1,816,31
1139,351,125,32,34,24,35,2,70,24,29,38,27,44,16,5,0,41,43,30800,41043030800,600,1,817,31
1140,83,35,9,15,4,7,0,15,11,9,4,7,12,12,1,0,41,43,30902,41043030902,600,1,818,32
1141,0,0,0,0,0,0,0,0,0,0,0,0,0,0,0,0,41,43,30902,41043030902,600,1,819,32
1142,10,3,0,1,1,1,0,0,1,2,0,1,1,1,0,0,41,43,30902,41043030902,600,1,820,32
1143,92,34,6,15,4,9,0,19,4,11,4,6,12,12,1,0,41,43,30902,41043030902,600,1,821,32
1144,3,1,0,0,1,0,0,0,0,1,0,0,0,1,0,0,41,43,30902,41043030902,600,1,822,32
1145,426,150,28,46,32,44,4,91,19,36,16,29,52,53,5,0,41,43,30902,41043030902,600,1,823,32
1146,565,213,40,86,38,49,6,106,31,70,79,47,53,34,7,0,41,43,30903,41043030903,600,1,824,33
1147,411,141,25,44,27,45,17,81,25,18,15,27,49,50,5,0,41,43,30902,41043030902,600,1,825,32
1148,9,4,0,3,1,0,0,0,0,4,2,1,1,0,0,0,41,43,30903,41043030903,600,1,826,33
1149,324,154,74,39,18,23,6,63,18,67,72,35,33,14,4,0,41,43,30903,41043030903,600,1,827,33
1150,88,36,7,15,7,7,0,20,2,14,17,8,8,3,1,0,41,43,30903,41043030903,600,1,828,33
1151,59,24,6,7,6,5,2,17,1,4,11,6,5,2,1,0,41,43,30903,41043030903,600,1,829,33
1152,160,97,62,21,5,9,4,32,12,49,45,22,21,9,2,0,41,43,30903,41043030903,600,1,830,33
1153,403,157,41,49,30,37,51,76,19,11,39,45,69,4,5,0,41,43,30904,41043030904,600,1,831,34
1154,348,151,40,59,27,25,8,83,28,32,37,43,67,4,4,0,41,43,30904,41043030904,600,1,832,34
1155,183,79,25,27,13,14,5,49,14,11,19,23,35,2,2,0,41,43,30904,41043030904,600,1,833,34
1156,181,76,19,33,9,15,2,35,14,25,19,22,33,2,2,0,41,43,30904,41043030904,600,1,834,34
1157,300,120,31,39,27,23,2,65,23,30,11,25,49,35,4,0,41,43,30904,41043030904,600,1,835,34
1158,1121,402,78,147,64,113,13,185,82,122,37,83,166,116,14,0,41,43,30904,41043030904,600,1,836,34
1159,0,0,0,0,0,0,0,0,0,0,0,0,0,0,0,0,41,43,30904,41043030904,600,1,837,34
1160,52,21,4,9,4,4,0,11,6,4,2,4,10,5,1,0,41,43,30902,41043030902,600,1,838,32
1161,485,162,28,42,33,59,3,107,24,28,18,31,56,57,6,0,41,43,30902,41043030902,600,1,839,32
1162,293,109,29,34,21,25,7,58,14,30,12,21,38,38,4,0,41,43,30902,41043030902,600,1,840,32
1163,136,60,21,19,11,9,6,26,13,15,22,15,11,12,2,0,41,43,30903,41043030903,600,1,841,33
1164,325,140,52,39,26,23,8,53,21,58,51,36,25,28,4,0,41,43,30903,41043030903,600,1,842,33
1165,62,34,20,8,4,2,4,14,9,7,12,9,6,7,1,0,41,43,30903,41043030903,600,1,843,33
1166,35,14,4,8,0,2,0,9,2,3,4,4,6,0,0,0,41,43,30904,41043030904,600,1,844,34
1167,72,30,10,8,5,7,0,15,7,8,7,9,13,1,1,0,41,43,30904,41043030904,600,1,845,34
1168,346,128,31,43,21,33,7,60,32,29,31,36,57,4,4,0,41,43,30904,41043030904,600,1,846,34
1169,82,33,13,8,4,8,0,14,6,13,8,9,15,1,1,0,41,43,30904,41043030904,600,1,847,34
1170,593,193,31,61,37,64,9,132,25,27,36,67,66,24,8,0,41,43,30903,41043030903,600,1,848,33
1171,995,372,74,141,59,98,17,194,66,95,71,128,126,47,13,0,41,43,30903,41043030903,600,1,849,33
1172,343,171,72,64,14,21,5,55,26,85,59,46,33,33,4,0,41,43,30903,41043030903,600,1,850,33
1173,97,40,13,10,8,9,9,22,5,4,15,10,7,8,1,0,41,43,30903,41043030903,600,1,851,33
1174,203,100,33,48,10,9,0,17,16,67,19,35,34,12,3,0,41,43,30903,41043030903,600,1,852,33
1175,809,297,52,117,44,84,9,142,55,91,55,104,102,36,10,0,41,43,30903,41043030903,600,1,853,33
1176,0,0,0,0,0,0,0,0,0,0,0,0,0,0,0,0,41,43,30903,41043030903,600,1,854,33
1177,132,68,26,31,7,4,0,16,11,41,24,11,23,10,2,0,41,43,30904,41043030904,600,1,855,34
1178,139,50,6,23,10,11,2,21,10,17,17,8,17,8,2,0,41,43,30904,41043030904,600,1,856,34
1179,424,162,24,73,32,33,2,62,29,69,56,26,55,25,6,0,41,43,30904,41043030904,600,1,857,34
1180,12,4,2,0,1,1,0,1,1,2,0,1,1,2,0,0,41,43,30902,41043030902,600,1,858,32
1181,24,8,0,6,0,2,0,2,0,6,2,2,2,2,0,0,41,43,30903,41043030903,600,1,859,33
1182,227,77,12,26,14,25,4,43,12,18,22,17,23,15,3,0,41,43,30903,41043030903,600,1,860,33
1183,331,118,34,31,13,40,5,69,17,27,33,26,36,23,4,0,41,43,30903,41043030903,600,1,861,33
1184,99,41,12,18,3,8,0,15,7,19,12,9,12,8,1,0,41,43,30903,41043030903,600,1,862,33
1185,105,38,11,9,7,11,0,20,3,15,13,6,13,6,1,0,41,43,30904,41043030904,600,1,863,34
1186,66,26,4,12,4,6,1,8,8,9,2,3,8,13,1,0,41,43,30902,41043030902,600,1,864,32
1187,56,23,4,10,5,4,0,8,7,8,2,2,7,12,1,0,41,43,30902,41043030902,600,1,865,32
1188,164,64,17,26,6,15,2,27,11,24,18,14,19,13,2,0,41,43,30903,41043030903,600,1,866,33
1189,145,62,10,37,5,10,1,26,10,25,17,14,19,12,2,0,41,43,30903,41043030903,600,1,867,33
1190,52,13,0,4,2,7,0,6,5,2,1,1,4,7,1,0,41,43,30902,41043030902,600,1,868,32
1191,149,66,13,34,10,9,0,31,14,21,10,27,20,9,2,0,41,43,30902,41043030902,600,1,869,32
1192,270,94,15,30,26,23,5,50,24,15,28,20,28,18,3,0,41,43,30904,41043030904,600,1,870,34
1193,112,86,67,15,2,2,0,8,11,67,34,16,32,4,1,0,41,43,30800,41043030800,600,1,871,31
1194,288,131,42,53,14,22,5,50,28,48,36,29,40,26,4,0,41,43,30903,41043030903,600,1,872,33
1195,191,95,40,34,10,11,1,28,27,39,26,21,29,19,2,0,41,43,30903,41043030903,600,1,873,33
1200,23,9,0,6,1,2,0,3,2,4,1,3,4,1,0,0,41,43,30700,41043030700,600,1,874,30
1201,0,0,0,0,0,0,0,0,0,0,0,0,0,0,0,0,41,43,30700,41043030700,600,1,875,30
1202,6,2,0,1,1,0,0,1,0,1,0,1,1,0,0,0,41,43,30700,41043030700,600,1,876,30
1203,18,7,2,2,1,2,0,4,2,1,1,2,3,1,0,0,41,43,30700,41043030700,600,1,877,30
1204,0,0,0,0,0,0,0,0,0,0,0,0,0,0,0,0,41,43,30700,41043030700,600,1,878,30
1205,0,0,0,0,0,0,0,0,0,0,0,0,0,0,0,0,41,43,30700,41043030700,600,1,879,30
1206,109,37,2,18,4,13,2,20,10,5,4,10,17,6,2,0,41,43,30700,41043030700,600,1,880,30
1207,18,6,1,3,0,2,1,1,2,2,0,2,3,1,0,0,41,43,30700,41043030700,600,1,881,30
1208,500,169,30,57,24,58,6,90,31,42,17,48,77,27,8,0,41,43,30700,41043030700,600,1,882,30
1209,11,3,2,0,0,1,0,1,2,0,0,1,1,1,0,0,41,43,30700,41043030700,600,1,883,30
1210,160,59,9,23,10,17,0,38,10,11,6,17,27,9,3,0,41,43,30700,41043030700,600,1,884,30
1211,257,90,11,42,18,19,4,53,11,22,9,25,41,15,4,0,41,43,30700,41043030700,600,1,885,30
1220,189,76,13,32,17,14,2,39,17,18,8,26,18,24,7,5,41,43,30700,41043030700,600,1,886,30
1221,659,302,70,157,38,37,4,110,61,127,31,106,65,100,28,29,41,43,30700,41043030700,600,1,887,30
1222,538,250,70,123,27,30,5,70,67,108,61,64,80,45,23,28,41,43,30700,41043030700,600,1,888,30
1223,47,22,9,8,1,4,2,9,5,6,2,6,10,4,1,0,41,43,30700,41043030700,600,1,889,30
1224,336,128,18,59,23,28,3,58,28,39,28,33,40,27,11,4,41,43,30700,41043030700,600,1,890,30
1225,4,2,0,2,0,0,0,0,1,1,1,0,1,0,0,0,41,43,20200,41043020200,600,1,891,20
1226,227,111,42,42,12,15,0,43,30,38,11,31,51,18,6,1,41,43,30700,41043030700,600,1,892,30
1227,14,6,2,2,0,2,0,3,1,2,0,2,3,1,0,0,41,43,30700,41043030700,600,1,893,30
1228,16,5,1,2,0,2,0,2,0,3,1,1,2,1,0,0,41,43,30700,41043030700,600,1,894,30
1229,71,30,5,15,5,5,0,10,10,10,3,8,14,5,1,0,41,43,30700,41043030700,600,1,895,30
1230,9,3,0,1,1,1,0,2,1,0,0,1,1,1,0,0,41,43,30700,41043030700,600,1,896,30
1231,26,9,0,4,3,2,0,3,3,3,1,1,4,3,0,0,41,43,30500,41043030500,600,1,897,29
1232,25,11,4,3,1,3,0,5,3,3,1,3,5,2,0,0,41,43,30700,41043030700,600,1,898,30
1233,39,13,1,6,2,4,0,8,2,3,1,3,6,3,1,0,41,43,30700,41043030700,600,1,899,30
1234,5,2,0,1,0,1,0,1,0,1,0,0,1,1,0,0,41,43,30902,41043030902,600,1,900,32
1235,73,21,2,6,4,9,1,12,6,2,1,3,9,8,1,0,41,43,30800,41043030800,600,1,901,31
1236,82,29,5,8,8,8,0,17,6,6,1,4,13,11,1,0,41,43,30800,41043030800,600,1,902,31
1237,78,28,6,8,7,7,0,13,7,8,3,5,10,10,1,0,41,43,30902,41043030902,600,1,903,32
1238,29,9,1,5,0,3,0,4,1,4,1,1,4,3,0,0,41,43,30800,41043030800,600,1,904,31
1239,39,18,4,10,2,2,0,8,5,5,1,3,8,6,0,0,41,43,30800,41043030800,600,1,905,31
1240,96,36,9,18,1,8,2,14,8,12,2,5,16,13,1,0,41,43,30800,41043030800,600,1,906,31
1241,29,14,1,11,2,0,0,5,6,3,1,2,6,5,0,0,41,43,30800,41043030800,600,1,907,31
1242,63,23,2,13,3,5,1,9,5,8,1,4,10,8,1,0,41,43,30800,41043030800,600,1,908,31
1243,49,13,2,3,2,6,0,8,1,4,0,2,6,5,1,0,41,43,30800,41043030800,600,1,909,31
1244,141,53,10,19,14,10,1,23,11,18,3,8,21,21,2,0,41,43,30800,41043030800,600,1,910,31
1245,185,69,9,35,7,18,2,26,12,29,8,15,24,22,2,0,41,43,30100,41043030100,600,1,911,28
1246,156,63,16,25,11,11,0,28,16,19,6,9,19,29,2,0,41,43,30100,41043030100,600,1,912,28
1247,200,81,16,31,21,13,4,31,23,23,4,12,36,29,3,0,41,43,30800,41043030800,600,1,913,31
1248,134,53,8,27,8,10,1,20,9,23,3,8,23,19,2,0,41,43,30800,41043030800,600,1,914,31
1249,85,32,8,11,6,7,2,14,6,10,5,10,9,8,1,0,41,43,30800,41043030800,600,1,915,31
1250,114,45,9,22,6,8,0,20,17,8,2,7,19,17,1,0,41,43,30800,41043030800,600,1,916,31
1251,50,15,1,6,2,6,0,8,2,5,2,2,6,5,1,0,41,43,30500,41043030500,600,1,917,29
1252,25,8,2,2,2,2,0,4,2,2,1,1,3,3,0,0,41,43,30902,41043030902,600,1,918,32
1253,110,38,7,12,8,11,0,19,8,11,4,7,14,13,1,0,41,43,30902,41043030902,600,1,919,32
1254,311,117,22,41,24,30,2,64,25,26,17,48,36,16,4,0,41,43,30902,41043030902,600,1,920,32
1255,119,42,9,12,7,14,0,18,9,15,6,17,13,6,2,0,41,43,30902,41043030902,600,1,921,32
1256,330,132,18,68,24,22,7,51,31,43,19,54,41,18,4,0,41,43,30902,41043030902,600,1,922,32
1257,128,54,14,24,6,10,2,26,12,14,12,15,13,14,2,0,41,43,30902,41043030902,600,1,923,32
1258,237,84,18,27,18,21,2,30,24,28,18,24,21,21,3,0,41,43,30902,41043030902,600,1,924,32
1259,269,94,17,35,16,26,0,41,28,25,21,26,23,24,3,0,41,43,30902,41043030902,600,1,925,32
1260,243,88,14,36,14,24,1,34,21,32,18,24,24,22,3,0,41,43,30902,41043030902,600,1,926,32
1290,177,61,8,24,14,15,1,33,16,11,8,19,20,14,2,0,41,47,10802,41047010802,600,1,927,35
1291,120,40,7,13,7,13,1,25,6,8,4,14,14,8,2,0,41,47,10802,41047010802,600,1,928,35
1292,542,196,43,67,34,52,2,103,46,45,32,61,67,36,7,0,41,47,10802,41047010802,600,1,929,35
1293,2329,788,114,273,149,252,38,481,136,133,132,244,269,143,30,1,41,47,10802,41047010802,600,1,930,35
