"TAZ","BLKGRP","STATEFP","COUNTYFP","TRACTCE","GEOID","NAME","NAMELSAD","PUMA","REGION"
100,"51",41,3,10200,41003010200,102,"Census Tract 102",600,1
101,"51",41,3,10200,41003010200,102,"Census Tract 102",600,1
102,"51",41,3,10200,41003010200,102,"Census Tract 102",600,1
103,"51",41,3,10200,41003010200,102,"Census Tract 102",600,1
104,"51",41,3,10200,41003010200,102,"Census Tract 102",600,1
105,"51",41,3,10200,41003010200,102,"Census Tract 102",600,1
106,"55",41,3,500,41003000500,5,"Census Tract 5",600,1
107,"54",41,3,10200,41003010200,102,"Census Tract 102",600,1
108,"55",41,3,500,41003000500,5,"Census Tract 5",600,1
109,"53",41,3,500,41003000500,5,"Census Tract 5",600,1
110,"49",41,3,600,41003000600,6,"Census Tract 6",600,1
111,"49",41,3,600,41003000600,6,"Census Tract 6",600,1
112,"49",41,3,600,41003000600,6,"Census Tract 6",600,1
113,"49",41,3,600,41003000600,6,"Census Tract 6",600,1
114,"49",41,3,600,41003000600,6,"Census Tract 6",600,1
115,"49",41,3,600,41003000600,6,"Census Tract 6",600,1
116,"49",41,3,600,41003000600,6,"Census Tract 6",600,1
117,"49",41,3,600,41003000600,6,"Census Tract 6",600,1
118,"49",41,3,600,41003000600,6,"Census Tract 6",600,1
119,"43",41,3,600,41003000600,6,"Census Tract 6",600,1
120,"43",41,3,600,41003000600,6,"Census Tract 6",600,1
121,"43",41,3,600,41003000600,6,"Census Tract 6",600,1
122,"43",41,3,600,41003000600,6,"Census Tract 6",600,1
123,"12",41,3,500,41003000500,5,"Census Tract 5",600,1
124,"11",41,3,400,41003000400,4,"Census Tract 4",600,1
125,"11",41,3,400,41003000400,4,"Census Tract 4",600,1
126,"10",41,3,900,41003000900,9,"Census Tract 9",600,1
127,"11",41,3,400,41003000400,4,"Census Tract 4",600,1
128,"11",41,3,400,41003000400,4,"Census Tract 4",600,1
129,"18",41,3,400,41003000400,4,"Census Tract 4",600,1
130,"12",41,3,500,41003000500,5,"Census Tract 5",600,1
131,"12",41,3,500,41003000500,5,"Census Tract 5",600,1
132,"12",41,3,500,41003000500,5,"Census Tract 5",600,1
133,"13",41,3,1001,41003001001,10.01,"Census Tract 10.01",600,1
134,"13",41,3,1001,41003001001,10.01,"Census Tract 10.01",600,1
135,"13",41,3,1001,41003001001,10.01,"Census Tract 10.01",600,1
136,"13",41,3,1001,41003001001,10.01,"Census Tract 10.01",600,1
137,"16",41,3,1001,41003001001,10.01,"Census Tract 10.01",600,1
138,"16",41,3,1001,41003001001,10.01,"Census Tract 10.01",600,1
139,"18",41,3,400,41003000400,4,"Census Tract 4",600,1
140,"18",41,3,400,41003000400,4,"Census Tract 4",600,1
141,"18",41,3,400,41003000400,4,"Census Tract 4",600,1
142,"18",41,3,400,41003000400,4,"Census Tract 4",600,1
143,"17",41,3,400,41003000400,4,"Census Tract 4",600,1
144,"17",41,3,400,41003000400,4,"Census Tract 4",600,1
145,"15",41,3,400,41003000400,4,"Census Tract 4",600,1
146,"14",41,3,900,41003000900,9,"Census Tract 9",600,1
147,"10",41,3,900,41003000900,9,"Census Tract 9",600,1
148,"10",41,3,900,41003000900,9,"Census Tract 9",600,1
149,"10",41,3,900,41003000900,9,"Census Tract 9",600,1
150,"10",41,3,900,41003000900,9,"Census Tract 9",600,1
151,"14",41,3,900,41003000900,9,"Census Tract 9",600,1
152,"14",41,3,900,41003000900,9,"Census Tract 9",600,1
153,"15",41,3,400,41003000400,4,"Census Tract 4",600,1
154,"14",41,3,900,41003000900,9,"Census Tract 9",600,1
155,"21",41,3,900,41003000900,9,"Census Tract 9",600,1
156,"21",41,3,900,41003000900,9,"Census Tract 9",600,1
157,"21",41,3,900,41003000900,9,"Census Tract 9",600,1
158,"22",41,3,1002,41003001002,10.02,"Census Tract 10.02",600,1
159,"20",41,3,1002,41003001002,10.02,"Census Tract 10.02",600,1
160,"20",41,3,1002,41003001002,10.02,"Census Tract 10.02",600,1
161,"20",41,3,1002,41003001002,10.02,"Census Tract 10.02",600,1
162,"20",41,3,1002,41003001002,10.02,"Census Tract 10.02",600,1
165,"19",41,3,1001,41003001001,10.01,"Census Tract 10.01",600,1
166,"23",41,3,1002,41003001002,10.02,"Census Tract 10.02",600,1
167,"23",41,3,1002,41003001002,10.02,"Census Tract 10.02",600,1
168,"23",41,3,1002,41003001002,10.02,"Census Tract 10.02",600,1
169,"23",41,3,1002,41003001002,10.02,"Census Tract 10.02",600,1
170,"22",41,3,1002,41003001002,10.02,"Census Tract 10.02",600,1
173,"31",41,3,1101,41003001101,11.01,"Census Tract 11.01",600,1
178,"30",41,3,1102,41003001102,11.02,"Census Tract 11.02",600,1
179,"29",41,3,1102,41003001102,11.02,"Census Tract 11.02",600,1
180,"29",41,3,1102,41003001102,11.02,"Census Tract 11.02",600,1
181,"29",41,3,1102,41003001102,11.02,"Census Tract 11.02",600,1
182,"30",41,3,1102,41003001102,11.02,"Census Tract 11.02",600,1
183,"32",41,3,1102,41003001102,11.02,"Census Tract 11.02",600,1
184,"29",41,3,1102,41003001102,11.02,"Census Tract 11.02",600,1
185,"29",41,3,1102,41003001102,11.02,"Census Tract 11.02",600,1
186,"29",41,3,1102,41003001102,11.02,"Census Tract 11.02",600,1
187,"49",41,3,600,41003000600,6,"Census Tract 6",600,1
188,"48",41,3,10600,41003010600,106,"Census Tract 106",600,1
189,"48",41,3,10600,41003010600,106,"Census Tract 106",600,1
190,"48",41,3,10600,41003010600,106,"Census Tract 106",600,1
191,"48",41,3,10600,41003010600,106,"Census Tract 106",600,1
192,"48",41,3,10600,41003010600,106,"Census Tract 106",600,1
193,"48",41,3,10600,41003010600,106,"Census Tract 106",600,1
194,"48",41,3,10600,41003010600,106,"Census Tract 106",600,1
195,"48",41,3,10600,41003010600,106,"Census Tract 106",600,1
196,"32",41,3,1102,41003001102,11.02,"Census Tract 11.02",600,1
197,"32",41,3,1102,41003001102,11.02,"Census Tract 11.02",600,1
198,"32",41,3,1102,41003001102,11.02,"Census Tract 11.02",600,1
199,"34",41,3,1102,41003001102,11.02,"Census Tract 11.02",600,1
200,"34",41,3,1102,41003001102,11.02,"Census Tract 11.02",600,1
201,"34",41,3,1102,41003001102,11.02,"Census Tract 11.02",600,1
202,"33",41,3,1101,41003001101,11.01,"Census Tract 11.01",600,1
203,"31",41,3,1101,41003001101,11.01,"Census Tract 11.01",600,1
204,"44",41,3,10702,41003010702,107.02,"Census Tract 107.02",600,1
205,"44",41,3,10702,41003010702,107.02,"Census Tract 107.02",600,1
206,"44",41,3,10702,41003010702,107.02,"Census Tract 107.02",600,1
207,"44",41,3,10702,41003010702,107.02,"Census Tract 107.02",600,1
208,"44",41,3,10702,41003010702,107.02,"Census Tract 107.02",600,1
209,"27",41,3,10600,41003010600,106,"Census Tract 106",600,1
210,"27",41,3,10600,41003010600,106,"Census Tract 106",600,1
211,"36",41,3,10600,41003010600,106,"Census Tract 106",600,1
212,"36",41,3,10600,41003010600,106,"Census Tract 106",600,1
213,"36",41,3,10600,41003010600,106,"Census Tract 106",600,1
214,"36",41,3,10600,41003010600,106,"Census Tract 106",600,1
215,"36",41,3,10600,41003010600,106,"Census Tract 106",600,1
216,"48",41,3,10600,41003010600,106,"Census Tract 106",600,1
217,"48",41,3,10600,41003010600,106,"Census Tract 106",600,1
218,"48",41,3,10600,41003010600,106,"Census Tract 106",600,1
219,"48",41,3,10600,41003010600,106,"Census Tract 106",600,1
220,"48",41,3,10600,41003010600,106,"Census Tract 106",600,1
221,"48",41,3,10600,41003010600,106,"Census Tract 106",600,1
222,"48",41,3,10600,41003010600,106,"Census Tract 106",600,1
223,"48",41,3,10600,41003010600,106,"Census Tract 106",600,1
224,"48",41,3,10600,41003010600,106,"Census Tract 106",600,1
225,"48",41,3,10600,41003010600,106,"Census Tract 106",600,1
227,"48",41,3,10600,41003010600,106,"Census Tract 106",600,1
228,"48",41,3,10600,41003010600,106,"Census Tract 106",600,1
229,"38",41,3,10600,41003010600,106,"Census Tract 106",600,1
230,"37",41,3,10702,41003010702,107.02,"Census Tract 107.02",600,1
231,"47",41,3,10900,41003010900,109,"Census Tract 109",600,1
232,"45",41,3,202,41003000202,2.02,"Census Tract 2.02",600,1
233,"47",41,3,10900,41003010900,109,"Census Tract 109",600,1
234,"47",41,3,10900,41003010900,109,"Census Tract 109",600,1
235,"6",41,3,10800,41003010800,108,"Census Tract 108",600,1
236,"6",41,3,10800,41003010800,108,"Census Tract 108",600,1
237,"56",41,3,10900,41003010900,109,"Census Tract 109",600,1
238,"6",41,3,10800,41003010800,108,"Census Tract 108",600,1
239,"6",41,3,10800,41003010800,108,"Census Tract 108",600,1
240,"6",41,3,10800,41003010800,108,"Census Tract 108",600,1
241,"6",41,3,10800,41003010800,108,"Census Tract 108",600,1
242,"6",41,3,10800,41003010800,108,"Census Tract 108",600,1
243,"46",41,3,10800,41003010800,108,"Census Tract 108",600,1
246,"46",41,3,10800,41003010800,108,"Census Tract 108",600,1
247,"45",41,3,202,41003000202,2.02,"Census Tract 2.02",600,1
248,"45",41,3,202,41003000202,2.02,"Census Tract 2.02",600,1
249,"45",41,3,202,41003000202,2.02,"Census Tract 2.02",600,1
250,"45",41,3,202,41003000202,2.02,"Census Tract 2.02",600,1
251,"45",41,3,202,41003000202,2.02,"Census Tract 2.02",600,1
252,"45",41,3,202,41003000202,2.02,"Census Tract 2.02",600,1
253,"45",41,3,202,41003000202,2.02,"Census Tract 2.02",600,1
254,"45",41,3,202,41003000202,2.02,"Census Tract 2.02",600,1
255,"45",41,3,202,41003000202,2.02,"Census Tract 2.02",600,1
256,"45",41,3,202,41003000202,2.02,"Census Tract 2.02",600,1
257,"45",41,3,202,41003000202,2.02,"Census Tract 2.02",600,1
258,"57",41,3,202,41003000202,2.02,"Census Tract 2.02",600,1
259,"57",41,3,202,41003000202,2.02,"Census Tract 2.02",600,1
260,"57",41,3,202,41003000202,2.02,"Census Tract 2.02",600,1
261,"57",41,3,202,41003000202,2.02,"Census Tract 2.02",600,1
262,"39",41,3,100,41003000100,1,"Census Tract 1",600,1
263,"42",41,3,100,41003000100,1,"Census Tract 1",600,1
264,"40",41,3,100,41003000100,1,"Census Tract 1",600,1
265,"7",41,3,10400,41003010400,104,"Census Tract 104",600,1
266,"7",41,3,10400,41003010400,104,"Census Tract 104",600,1
267,"7",41,3,10400,41003010400,104,"Census Tract 104",600,1
268,"7",41,3,10400,41003010400,104,"Census Tract 104",600,1
269,"9",41,3,10300,41003010300,103,"Census Tract 103",600,1
270,"9",41,3,10300,41003010300,103,"Census Tract 103",600,1
271,"9",41,3,10300,41003010300,103,"Census Tract 103",600,1
272,"51",41,3,10200,41003010200,102,"Census Tract 102",600,1
273,"51",41,3,10200,41003010200,102,"Census Tract 102",600,1
274,"51",41,3,10200,41003010200,102,"Census Tract 102",600,1
275,"51",41,3,10200,41003010200,102,"Census Tract 102",600,1
276,"51",41,3,10200,41003010200,102,"Census Tract 102",600,1
277,"53",41,3,500,41003000500,5,"Census Tract 5",600,1
278,"53",41,3,500,41003000500,5,"Census Tract 5",600,1
279,"55",41,3,500,41003000500,5,"Census Tract 5",600,1
280,"55",41,3,500,41003000500,5,"Census Tract 5",600,1
281,"55",41,3,500,41003000500,5,"Census Tract 5",600,1
282,"55",41,3,500,41003000500,5,"Census Tract 5",600,1
283,"52",41,3,600,41003000600,6,"Census Tract 6",600,1
284,"52",41,3,600,41003000600,6,"Census Tract 6",600,1
285,"52",41,3,600,41003000600,6,"Census Tract 6",600,1
286,"52",41,3,600,41003000600,6,"Census Tract 6",600,1
287,"52",41,3,600,41003000600,6,"Census Tract 6",600,1
288,"52",41,3,600,41003000600,6,"Census Tract 6",600,1
289,"54",41,3,10200,41003010200,102,"Census Tract 102",600,1
290,"54",41,3,10200,41003010200,102,"Census Tract 102",600,1
292,"24",41,3,900,41003000900,9,"Census Tract 9",600,1
293,"32",41,3,1102,41003001102,11.02,"Census Tract 11.02",600,1
294,"32",41,3,1102,41003001102,11.02,"Census Tract 11.02",600,1
295,"48",41,3,10600,41003010600,106,"Census Tract 106",600,1
296,"48",41,3,10600,41003010600,106,"Census Tract 106",600,1
297,"48",41,3,10600,41003010600,106,"Census Tract 106",600,1
298,"48",41,3,10600,41003010600,106,"Census Tract 106",600,1
299,"48",41,3,10600,41003010600,106,"Census Tract 106",600,1
300,"48",41,3,10600,41003010600,106,"Census Tract 106",600,1
301,"38",41,3,10600,41003010600,106,"Census Tract 106",600,1
302,"38",41,3,10600,41003010600,106,"Census Tract 106",600,1
303,"37",41,3,10702,41003010702,107.02,"Census Tract 107.02",600,1
304,"3",41,3,100,41003000100,1,"Census Tract 1",600,1
306,"42",41,3,100,41003000100,1,"Census Tract 1",600,1
307,"42",41,3,100,41003000100,1,"Census Tract 1",600,1
308,"42",41,3,100,41003000100,1,"Census Tract 1",600,1
309,"40",41,3,100,41003000100,1,"Census Tract 1",600,1
310,"40",41,3,100,41003000100,1,"Census Tract 1",600,1
311,"39",41,3,100,41003000100,1,"Census Tract 1",600,1
312,"39",41,3,100,41003000100,1,"Census Tract 1",600,1
313,"39",41,3,100,41003000100,1,"Census Tract 1",600,1
314,"42",41,3,100,41003000100,1,"Census Tract 1",600,1
315,"42",41,3,100,41003000100,1,"Census Tract 1",600,1
316,"42",41,3,100,41003000100,1,"Census Tract 1",600,1
317,"42",41,3,100,41003000100,1,"Census Tract 1",600,1
318,"42",41,3,100,41003000100,1,"Census Tract 1",600,1
319,"42",41,3,100,41003000100,1,"Census Tract 1",600,1
320,"7",41,3,10400,41003010400,104,"Census Tract 104",600,1
321,"7",41,3,10400,41003010400,104,"Census Tract 104",600,1
322,"7",41,3,10400,41003010400,104,"Census Tract 104",600,1
323,"56",41,3,10900,41003010900,109,"Census Tract 109",600,1
324,"56",41,3,10900,41003010900,109,"Census Tract 109",600,1
325,"56",41,3,10900,41003010900,109,"Census Tract 109",600,1
326,"56",41,3,10900,41003010900,109,"Census Tract 109",600,1
327,"6",41,3,10800,41003010800,108,"Census Tract 108",600,1
328,"6",41,3,10800,41003010800,108,"Census Tract 108",600,1
329,"6",41,3,10800,41003010800,108,"Census Tract 108",600,1
330,"6",41,3,10800,41003010800,108,"Census Tract 108",600,1
331,"6",41,3,10800,41003010800,108,"Census Tract 108",600,1
332,"6",41,3,10800,41003010800,108,"Census Tract 108",600,1
333,"6",41,3,10800,41003010800,108,"Census Tract 108",600,1
334,"6",41,3,10800,41003010800,108,"Census Tract 108",600,1
335,"6",41,3,10800,41003010800,108,"Census Tract 108",600,1
336,"9",41,3,10300,41003010300,103,"Census Tract 103",600,1
337,"9",41,3,10300,41003010300,103,"Census Tract 103",600,1
338,"9",41,3,10300,41003010300,103,"Census Tract 103",600,1
339,"41",41,3,10800,41003010800,108,"Census Tract 108",600,1
340,"41",41,3,10800,41003010800,108,"Census Tract 108",600,1
341,"46",41,3,10800,41003010800,108,"Census Tract 108",600,1
342,"46",41,3,10800,41003010800,108,"Census Tract 108",600,1
343,"46",41,3,10800,41003010800,108,"Census Tract 108",600,1
344,"46",41,3,10800,41003010800,108,"Census Tract 108",600,1
345,"46",41,3,10800,41003010800,108,"Census Tract 108",600,1
346,"46",41,3,10800,41003010800,108,"Census Tract 108",600,1
347,"46",41,3,10800,41003010800,108,"Census Tract 108",600,1
348,"46",41,3,10800,41003010800,108,"Census Tract 108",600,1
349,"45",41,3,202,41003000202,2.02,"Census Tract 2.02",600,1
350,"45",41,3,202,41003000202,2.02,"Census Tract 2.02",600,1
351,"47",41,3,10900,41003010900,109,"Census Tract 109",600,1
352,"47",41,3,10900,41003010900,109,"Census Tract 109",600,1
353,"45",41,3,202,41003000202,2.02,"Census Tract 2.02",600,1
354,"45",41,3,202,41003000202,2.02,"Census Tract 2.02",600,1
355,"47",41,3,10900,41003010900,109,"Census Tract 109",600,1
356,"47",41,3,10900,41003010900,109,"Census Tract 109",600,1
357,"47",41,3,10900,41003010900,109,"Census Tract 109",600,1
358,"47",41,3,10900,41003010900,109,"Census Tract 109",600,1
359,"47",41,3,10900,41003010900,109,"Census Tract 109",600,1
360,"47",41,3,10900,41003010900,109,"Census Tract 109",600,1
361,"47",41,3,10900,41003010900,109,"Census Tract 109",600,1
362,"47",41,3,10900,41003010900,109,"Census Tract 109",600,1
363,"57",41,3,202,41003000202,2.02,"Census Tract 2.02",600,1
364,"57",41,3,202,41003000202,2.02,"Census Tract 2.02",600,1
365,"57",41,3,202,41003000202,2.02,"Census Tract 2.02",600,1
366,"57",41,3,202,41003000202,2.02,"Census Tract 2.02",600,1
367,"57",41,3,202,41003000202,2.02,"Census Tract 2.02",600,1
368,"57",41,3,202,41003000202,2.02,"Census Tract 2.02",600,1
369,"57",41,3,202,41003000202,2.02,"Census Tract 2.02",600,1
370,"37",41,3,10702,41003010702,107.02,"Census Tract 107.02",600,1
371,"37",41,3,10702,41003010702,107.02,"Census Tract 107.02",600,1
372,"37",41,3,10702,41003010702,107.02,"Census Tract 107.02",600,1
373,"37",41,3,10702,41003010702,107.02,"Census Tract 107.02",600,1
376,"47",41,3,10900,41003010900,109,"Census Tract 109",600,1
377,"47",41,3,10900,41003010900,109,"Census Tract 109",600,1
378,"47",41,3,10900,41003010900,109,"Census Tract 109",600,1
379,"44",41,3,10702,41003010702,107.02,"Census Tract 107.02",600,1
380,"44",41,3,10702,41003010702,107.02,"Census Tract 107.02",600,1
381,"37",41,3,10702,41003010702,107.02,"Census Tract 107.02",600,1
382,"37",41,3,10702,41003010702,107.02,"Census Tract 107.02",600,1
383,"37",41,3,10702,41003010702,107.02,"Census Tract 107.02",600,1
384,"27",41,3,10600,41003010600,106,"Census Tract 106",600,1
385,"27",41,3,10600,41003010600,106,"Census Tract 106",600,1
386,"27",41,3,10600,41003010600,106,"Census Tract 106",600,1
387,"27",41,3,10600,41003010600,106,"Census Tract 106",600,1
388,"27",41,3,10600,41003010600,106,"Census Tract 106",600,1
389,"27",41,3,10600,41003010600,106,"Census Tract 106",600,1
390,"27",41,3,10600,41003010600,106,"Census Tract 106",600,1
391,"27",41,3,10600,41003010600,106,"Census Tract 106",600,1
392,"27",41,3,10600,41003010600,106,"Census Tract 106",600,1
393,"44",41,3,10702,41003010702,107.02,"Census Tract 107.02",600,1
394,"35",41,3,10702,41003010702,107.02,"Census Tract 107.02",600,1
395,"35",41,3,10702,41003010702,107.02,"Census Tract 107.02",600,1
396,"35",41,3,10702,41003010702,107.02,"Census Tract 107.02",600,1
397,"35",41,3,10702,41003010702,107.02,"Census Tract 107.02",600,1
398,"35",41,3,10702,41003010702,107.02,"Census Tract 107.02",600,1
399,"44",41,3,10702,41003010702,107.02,"Census Tract 107.02",600,1
400,"44",41,3,10702,41003010702,107.02,"Census Tract 107.02",600,1
403,"34",41,3,1102,41003001102,11.02,"Census Tract 11.02",600,1
406,"51",41,3,10200,41003010200,102,"Census Tract 102",600,1
407,"51",41,3,10200,41003010200,102,"Census Tract 102",600,1
408,"56",41,3,10900,41003010900,109,"Census Tract 109",600,1
409,"56",41,3,10900,41003010900,109,"Census Tract 109",600,1
410,"8",41,3,10300,41003010300,103,"Census Tract 103",600,1
415,"44",41,3,10702,41003010702,107.02,"Census Tract 107.02",600,1
416,"44",41,3,10702,41003010702,107.02,"Census Tract 107.02",600,1
417,"35",41,3,10702,41003010702,107.02,"Census Tract 107.02",600,1
418,"35",41,3,10702,41003010702,107.02,"Census Tract 107.02",600,1
419,"35",41,3,10702,41003010702,107.02,"Census Tract 107.02",600,1
420,"35",41,3,10702,41003010702,107.02,"Census Tract 107.02",600,1
421,"35",41,3,10702,41003010702,107.02,"Census Tract 107.02",600,1
422,"35",41,3,10702,41003010702,107.02,"Census Tract 107.02",600,1
423,"35",41,3,10702,41003010702,107.02,"Census Tract 107.02",600,1
424,"27",41,3,10600,41003010600,106,"Census Tract 106",600,1
425,"27",41,3,10600,41003010600,106,"Census Tract 106",600,1
426,"27",41,3,10600,41003010600,106,"Census Tract 106",600,1
427,"27",41,3,10600,41003010600,106,"Census Tract 106",600,1
428,"27",41,3,10600,41003010600,106,"Census Tract 106",600,1
429,"27",41,3,10600,41003010600,106,"Census Tract 106",600,1
430,"27",41,3,10600,41003010600,106,"Census Tract 106",600,1
431,"34",41,3,1102,41003001102,11.02,"Census Tract 11.02",600,1
432,"27",41,3,10600,41003010600,106,"Census Tract 106",600,1
433,"27",41,3,10600,41003010600,106,"Census Tract 106",600,1
434,"27",41,3,10600,41003010600,106,"Census Tract 106",600,1
435,"36",41,3,10600,41003010600,106,"Census Tract 106",600,1
436,"36",41,3,10600,41003010600,106,"Census Tract 106",600,1
437,"27",41,3,10600,41003010600,106,"Census Tract 106",600,1
438,"35",41,3,10702,41003010702,107.02,"Census Tract 107.02",600,1
439,"35",41,3,10702,41003010702,107.02,"Census Tract 107.02",600,1
440,"35",41,3,10702,41003010702,107.02,"Census Tract 107.02",600,1
441,"37",41,3,10702,41003010702,107.02,"Census Tract 107.02",600,1
442,"37",41,3,10702,41003010702,107.02,"Census Tract 107.02",600,1
443,"44",41,3,10702,41003010702,107.02,"Census Tract 107.02",600,1
444,"47",41,3,10900,41003010900,109,"Census Tract 109",600,1
445,"37",41,3,10702,41003010702,107.02,"Census Tract 107.02",600,1
446,"37",41,3,10702,41003010702,107.02,"Census Tract 107.02",600,1
447,"27",41,3,10600,41003010600,106,"Census Tract 106",600,1
448,"27",41,3,10600,41003010600,106,"Census Tract 106",600,1
449,"37",41,3,10702,41003010702,107.02,"Census Tract 107.02",600,1
450,"55",41,3,500,41003000500,5,"Census Tract 5",600,1
451,"53",41,3,500,41003000500,5,"Census Tract 5",600,1
452,"51",41,3,10200,41003010200,102,"Census Tract 102",600,1
453,"48",41,3,10600,41003010600,106,"Census Tract 106",600,1
454,"56",41,3,10900,41003010900,109,"Census Tract 109",600,1
455,"56",41,3,10900,41003010900,109,"Census Tract 109",600,1
456,"56",41,3,10900,41003010900,109,"Census Tract 109",600,1
457,"19",41,3,1001,41003001001,10.01,"Census Tract 10.01",600,1
458,"19",41,3,1001,41003001001,10.01,"Census Tract 10.01",600,1
459,"19",41,3,1001,41003001001,10.01,"Census Tract 10.01",600,1
460,"19",41,3,1001,41003001001,10.01,"Census Tract 10.01",600,1
461,"24",41,3,900,41003000900,9,"Census Tract 9",600,1
462,"24",41,3,900,41003000900,9,"Census Tract 9",600,1
463,"25",41,3,900,41003000900,9,"Census Tract 9",600,1
464,"25",41,3,900,41003000900,9,"Census Tract 9",600,1
465,"26",41,3,1101,41003001101,11.01,"Census Tract 11.01",600,1
466,"26",41,3,1101,41003001101,11.01,"Census Tract 11.01",600,1
467,"28",41,3,1101,41003001101,11.01,"Census Tract 11.01",600,1
468,"28",41,3,1101,41003001101,11.01,"Census Tract 11.01",600,1
469,"48",41,3,10600,41003010600,106,"Census Tract 106",600,1
470,"48",41,3,10600,41003010600,106,"Census Tract 106",600,1
471,"41",41,3,10800,41003010800,108,"Census Tract 108",600,1
472,"41",41,3,10800,41003010800,108,"Census Tract 108",600,1
473,"41",41,3,10800,41003010800,108,"Census Tract 108",600,1
474,"41",41,3,10800,41003010800,108,"Census Tract 108",600,1
475,"3",41,3,100,41003000100,1,"Census Tract 1",600,1
476,"3",41,3,100,41003000100,1,"Census Tract 1",600,1
500,"88",41,43,20100,41043020100,201,"Census Tract 201",600,1
501,"88",41,43,20100,41043020100,201,"Census Tract 201",600,1
502,"90",41,43,20100,41043020100,201,"Census Tract 201",600,1
503,"88",41,43,20100,41043020100,201,"Census Tract 201",600,1
504,"88",41,43,20100,41043020100,201,"Census Tract 201",600,1
505,"88",41,43,20100,41043020100,201,"Census Tract 201",600,1
506,"50",41,3,10100,41003010100,101,"Census Tract 101",600,1
507,"50",41,3,10100,41003010100,101,"Census Tract 101",600,1
508,"50",41,3,10100,41003010100,101,"Census Tract 101",600,1
509,"50",41,3,10100,41003010100,101,"Census Tract 101",600,1
510,"50",41,3,10100,41003010100,101,"Census Tract 101",600,1
511,"88",41,43,20100,41043020100,201,"Census Tract 201",600,1
512,"88",41,43,20100,41043020100,201,"Census Tract 201",600,1
513,"88",41,43,20100,41043020100,201,"Census Tract 201",600,1
514,"88",41,43,20100,41043020100,201,"Census Tract 201",600,1
515,"88",41,43,20100,41043020100,201,"Census Tract 201",600,1
516,"90",41,43,20100,41043020100,201,"Census Tract 201",600,1
517,"90",41,43,20100,41043020100,201,"Census Tract 201",600,1
518,"90",41,43,20100,41043020100,201,"Census Tract 201",600,1
519,"90",41,43,20100,41043020100,201,"Census Tract 201",600,1
520,"90",41,43,20100,41043020100,201,"Census Tract 201",600,1
521,"90",41,43,20100,41043020100,201,"Census Tract 201",600,1
522,"90",41,43,20100,41043020100,201,"Census Tract 201",600,1
523,"90",41,43,20100,41043020100,201,"Census Tract 201",600,1
524,"88",41,43,20100,41043020100,201,"Census Tract 201",600,1
525,"88",41,43,20100,41043020100,201,"Census Tract 201",600,1
526,"88",41,43,20100,41043020100,201,"Census Tract 201",600,1
527,"88",41,43,20100,41043020100,201,"Census Tract 201",600,1
528,"50",41,3,10100,41003010100,101,"Census Tract 101",600,1
529,"58",41,3,10100,41003010100,101,"Census Tract 101",600,1
530,"50",41,3,10100,41003010100,101,"Census Tract 101",600,1
531,"58",41,3,10100,41003010100,101,"Census Tract 101",600,1
532,"50",41,3,10100,41003010100,101,"Census Tract 101",600,1
533,"50",41,3,10100,41003010100,101,"Census Tract 101",600,1
534,"50",41,3,10100,41003010100,101,"Census Tract 101",600,1
535,"50",41,3,10100,41003010100,101,"Census Tract 101",600,1
536,"50",41,3,10100,41003010100,101,"Census Tract 101",600,1
537,"50",41,3,10100,41003010100,101,"Census Tract 101",600,1
538,"50",41,3,10100,41003010100,101,"Census Tract 101",600,1
539,"50",41,3,10100,41003010100,101,"Census Tract 101",600,1
540,"58",41,3,10100,41003010100,101,"Census Tract 101",600,1
541,"58",41,3,10100,41003010100,101,"Census Tract 101",600,1
542,"58",41,3,10100,41003010100,101,"Census Tract 101",600,1
543,"58",41,3,10100,41003010100,101,"Census Tract 101",600,1
544,"58",41,3,10100,41003010100,101,"Census Tract 101",600,1
545,"1",41,3,10100,41003010100,101,"Census Tract 101",600,1
546,"4",41,3,10100,41003010100,101,"Census Tract 101",600,1
547,"88",41,43,20100,41043020100,201,"Census Tract 201",600,1
548,"88",41,43,20100,41043020100,201,"Census Tract 201",600,1
549,"88",41,43,20100,41043020100,201,"Census Tract 201",600,1
550,"90",41,43,20100,41043020100,201,"Census Tract 201",600,1
551,"90",41,43,20100,41043020100,201,"Census Tract 201",600,1
552,"90",41,43,20100,41043020100,201,"Census Tract 201",600,1
553,"90",41,43,20100,41043020100,201,"Census Tract 201",600,1
554,"90",41,43,20100,41043020100,201,"Census Tract 201",600,1
555,"60",41,43,20100,41043020100,201,"Census Tract 201",600,1
556,"60",41,43,20100,41043020100,201,"Census Tract 201",600,1
557,"60",41,43,20100,41043020100,201,"Census Tract 201",600,1
558,"60",41,43,20100,41043020100,201,"Census Tract 201",600,1
559,"60",41,43,20100,41043020100,201,"Census Tract 201",600,1
560,"60",41,43,20100,41043020100,201,"Census Tract 201",600,1
561,"60",41,43,20100,41043020100,201,"Census Tract 201",600,1
562,"60",41,43,20100,41043020100,201,"Census Tract 201",600,1
563,"71",41,43,20100,41043020100,201,"Census Tract 201",600,1
564,"71",41,43,20100,41043020100,201,"Census Tract 201",600,1
565,"71",41,43,20100,41043020100,201,"Census Tract 201",600,1
566,"88",41,43,20100,41043020100,201,"Census Tract 201",600,1
567,"88",41,43,20100,41043020100,201,"Census Tract 201",600,1
568,"88",41,43,20100,41043020100,201,"Census Tract 201",600,1
569,"88",41,43,20100,41043020100,201,"Census Tract 201",600,1
570,"4",41,3,10100,41003010100,101,"Census Tract 101",600,1
571,"4",41,3,10100,41003010100,101,"Census Tract 101",600,1
572,"4",41,3,10100,41003010100,101,"Census Tract 101",600,1
573,"4",41,3,10100,41003010100,101,"Census Tract 101",600,1
574,"4",41,3,10100,41003010100,101,"Census Tract 101",600,1
575,"2",41,3,10100,41003010100,101,"Census Tract 101",600,1
576,"2",41,3,10100,41003010100,101,"Census Tract 101",600,1
577,"1",41,3,10100,41003010100,101,"Census Tract 101",600,1
578,"1",41,3,10100,41003010100,101,"Census Tract 101",600,1
579,"1",41,3,10100,41003010100,101,"Census Tract 101",600,1
580,"2",41,3,10100,41003010100,101,"Census Tract 101",600,1
581,"2",41,3,10100,41003010100,101,"Census Tract 101",600,1
582,"2",41,3,10100,41003010100,101,"Census Tract 101",600,1
583,"2",41,3,10100,41003010100,101,"Census Tract 101",600,1
584,"2",41,3,10100,41003010100,101,"Census Tract 101",600,1
585,"2",41,3,10100,41003010100,101,"Census Tract 101",600,1
586,"1",41,3,10100,41003010100,101,"Census Tract 101",600,1
587,"1",41,3,10100,41003010100,101,"Census Tract 101",600,1
588,"58",41,3,10100,41003010100,101,"Census Tract 101",600,1
589,"58",41,3,10100,41003010100,101,"Census Tract 101",600,1
590,"58",41,3,10100,41003010100,101,"Census Tract 101",600,1
591,"2",41,3,10100,41003010100,101,"Census Tract 101",600,1
592,"2",41,3,10100,41003010100,101,"Census Tract 101",600,1
593,"2",41,3,10100,41003010100,101,"Census Tract 101",600,1
594,"2",41,3,10100,41003010100,101,"Census Tract 101",600,1
595,"58",41,3,10100,41003010100,101,"Census Tract 101",600,1
596,"58",41,3,10100,41003010100,101,"Census Tract 101",600,1
597,"58",41,3,10100,41003010100,101,"Census Tract 101",600,1
598,"50",41,3,10100,41003010100,101,"Census Tract 101",600,1
599,"50",41,3,10100,41003010100,101,"Census Tract 101",600,1
600,"50",41,3,10100,41003010100,101,"Census Tract 101",600,1
601,"50",41,3,10100,41003010100,101,"Census Tract 101",600,1
602,"50",41,3,10100,41003010100,101,"Census Tract 101",600,1
603,"50",41,3,10100,41003010100,101,"Census Tract 101",600,1
604,"50",41,3,10100,41003010100,101,"Census Tract 101",600,1
605,"50",41,3,10100,41003010100,101,"Census Tract 101",600,1
606,"50",41,3,10100,41003010100,101,"Census Tract 101",600,1
607,"2",41,3,10100,41003010100,101,"Census Tract 101",600,1
608,"2",41,3,10100,41003010100,101,"Census Tract 101",600,1
609,"2",41,3,10100,41003010100,101,"Census Tract 101",600,1
610,"2",41,3,10100,41003010100,101,"Census Tract 101",600,1
611,"2",41,3,10100,41003010100,101,"Census Tract 101",600,1
612,"4",41,3,10100,41003010100,101,"Census Tract 101",600,1
613,"2",41,3,10100,41003010100,101,"Census Tract 101",600,1
614,"76",41,43,20400,41043020400,204,"Census Tract 204",600,1
615,"87",41,43,30700,41043030700,307,"Census Tract 307",600,1
616,"87",41,43,30700,41043030700,307,"Census Tract 307",600,1
617,"87",41,43,30700,41043030700,307,"Census Tract 307",600,1
618,"87",41,43,30700,41043030700,307,"Census Tract 307",600,1
619,"87",41,43,30700,41043030700,307,"Census Tract 307",600,1
620,"87",41,43,30700,41043030700,307,"Census Tract 307",600,1
621,"74",41,43,20300,41043020300,203,"Census Tract 203",600,1
622,"74",41,43,20300,41043020300,203,"Census Tract 203",600,1
623,"102",41,43,20300,41043020300,203,"Census Tract 203",600,1
624,"76",41,43,20400,41043020400,204,"Census Tract 204",600,1
625,"76",41,43,20400,41043020400,204,"Census Tract 204",600,1
626,"76",41,43,20400,41043020400,204,"Census Tract 204",600,1
627,"76",41,43,20400,41043020400,204,"Census Tract 204",600,1
628,"76",41,43,20400,41043020400,204,"Census Tract 204",600,1
629,"76",41,43,20400,41043020400,204,"Census Tract 204",600,1
630,"76",41,43,20400,41043020400,204,"Census Tract 204",600,1
631,"76",41,43,20400,41043020400,204,"Census Tract 204",600,1
632,"76",41,43,20400,41043020400,204,"Census Tract 204",600,1
633,"76",41,43,20400,41043020400,204,"Census Tract 204",600,1
634,"76",41,43,20400,41043020400,204,"Census Tract 204",600,1
635,"76",41,43,20400,41043020400,204,"Census Tract 204",600,1
636,"100",41,43,20400,41043020400,204,"Census Tract 204",600,1
637,"100",41,43,20400,41043020400,204,"Census Tract 204",600,1
638,"75",41,43,20400,41043020400,204,"Census Tract 204",600,1
639,"75",41,43,20400,41043020400,204,"Census Tract 204",600,1
640,"75",41,43,20400,41043020400,204,"Census Tract 204",600,1
641,"75",41,43,20400,41043020400,204,"Census Tract 204",600,1
643,"75",41,43,20400,41043020400,204,"Census Tract 204",600,1
644,"75",41,43,20400,41043020400,204,"Census Tract 204",600,1
645,"75",41,43,20400,41043020400,204,"Census Tract 204",600,1
646,"100",41,43,20400,41043020400,204,"Census Tract 204",600,1
647,"100",41,43,20400,41043020400,204,"Census Tract 204",600,1
648,"100",41,43,20400,41043020400,204,"Census Tract 204",600,1
649,"100",41,43,20400,41043020400,204,"Census Tract 204",600,1
650,"100",41,43,20400,41043020400,204,"Census Tract 204",600,1
651,"100",41,43,20400,41043020400,204,"Census Tract 204",600,1
652,"100",41,43,20400,41043020400,204,"Census Tract 204",600,1
653,"76",41,43,20400,41043020400,204,"Census Tract 204",600,1
654,"76",41,43,20400,41043020400,204,"Census Tract 204",600,1
655,"76",41,43,20400,41043020400,204,"Census Tract 204",600,1
656,"111",41,43,20801,41043020801,208.01,"Census Tract 208.01",600,1
657,"76",41,43,20400,41043020400,204,"Census Tract 204",600,1
658,"76",41,43,20400,41043020400,204,"Census Tract 204",600,1
659,"76",41,43,20400,41043020400,204,"Census Tract 204",600,1
660,"76",41,43,20400,41043020400,204,"Census Tract 204",600,1
661,"76",41,43,20400,41043020400,204,"Census Tract 204",600,1
662,"103",41,43,20300,41043020300,203,"Census Tract 203",600,1
663,"76",41,43,20400,41043020400,204,"Census Tract 204",600,1
664,"76",41,43,20400,41043020400,204,"Census Tract 204",600,1
665,"76",41,43,20400,41043020400,204,"Census Tract 204",600,1
666,"102",41,43,20300,41043020300,203,"Census Tract 203",600,1
667,"102",41,43,20300,41043020300,203,"Census Tract 203",600,1
668,"103",41,43,20300,41043020300,203,"Census Tract 203",600,1
669,"103",41,43,20300,41043020300,203,"Census Tract 203",600,1
670,"104",41,43,20300,41043020300,203,"Census Tract 203",600,1
671,"111",41,43,20801,41043020801,208.01,"Census Tract 208.01",600,1
672,"104",41,43,20300,41043020300,203,"Census Tract 203",600,1
673,"104",41,43,20300,41043020300,203,"Census Tract 203",600,1
674,"104",41,43,20300,41043020300,203,"Census Tract 203",600,1
675,"103",41,43,20300,41043020300,203,"Census Tract 203",600,1
676,"102",41,43,20300,41043020300,203,"Census Tract 203",600,1
677,"102",41,43,20300,41043020300,203,"Census Tract 203",600,1
678,"76",41,43,20400,41043020400,204,"Census Tract 204",600,1
679,"102",41,43,20300,41043020300,203,"Census Tract 203",600,1
680,"102",41,43,20300,41043020300,203,"Census Tract 203",600,1
681,"103",41,43,20300,41043020300,203,"Census Tract 203",600,1
682,"103",41,43,20300,41043020300,203,"Census Tract 203",600,1
683,"104",41,43,20300,41043020300,203,"Census Tract 203",600,1
684,"104",41,43,20300,41043020300,203,"Census Tract 203",600,1
685,"104",41,43,20300,41043020300,203,"Census Tract 203",600,1
686,"104",41,43,20300,41043020300,203,"Census Tract 203",600,1
687,"103",41,43,20300,41043020300,203,"Census Tract 203",600,1
688,"103",41,43,20300,41043020300,203,"Census Tract 203",600,1
689,"102",41,43,20300,41043020300,203,"Census Tract 203",600,1
690,"102",41,43,20300,41043020300,203,"Census Tract 203",600,1
691,"102",41,43,20300,41043020300,203,"Census Tract 203",600,1
692,"103",41,43,20300,41043020300,203,"Census Tract 203",600,1
693,"103",41,43,20300,41043020300,203,"Census Tract 203",600,1
694,"103",41,43,20300,41043020300,203,"Census Tract 203",600,1
695,"74",41,43,20300,41043020300,203,"Census Tract 203",600,1
696,"104",41,43,20300,41043020300,203,"Census Tract 203",600,1
697,"74",41,43,20300,41043020300,203,"Census Tract 203",600,1
698,"74",41,43,20300,41043020300,203,"Census Tract 203",600,1
699,"74",41,43,20300,41043020300,203,"Census Tract 203",600,1
700,"74",41,43,20300,41043020300,203,"Census Tract 203",600,1
701,"74",41,43,20300,41043020300,203,"Census Tract 203",600,1
702,"63",41,43,20300,41043020300,203,"Census Tract 203",600,1
703,"63",41,43,20300,41043020300,203,"Census Tract 203",600,1
704,"63",41,43,20300,41043020300,203,"Census Tract 203",600,1
705,"104",41,43,20300,41043020300,203,"Census Tract 203",600,1
706,"110",41,43,20802,41043020802,208.02,"Census Tract 208.02",600,1
707,"110",41,43,20802,41043020802,208.02,"Census Tract 208.02",600,1
708,"63",41,43,20300,41043020300,203,"Census Tract 203",600,1
709,"63",41,43,20300,41043020300,203,"Census Tract 203",600,1
710,"87",41,43,30700,41043030700,307,"Census Tract 307",600,1
711,"87",41,43,30700,41043030700,307,"Census Tract 307",600,1
712,"87",41,43,30700,41043030700,307,"Census Tract 307",600,1
713,"87",41,43,30700,41043030700,307,"Census Tract 307",600,1
714,"87",41,43,30700,41043030700,307,"Census Tract 307",600,1
715,"87",41,43,30700,41043030700,307,"Census Tract 307",600,1
716,"87",41,43,30700,41043030700,307,"Census Tract 307",600,1
717,"87",41,43,30700,41043030700,307,"Census Tract 307",600,1
718,"87",41,43,30700,41043030700,307,"Census Tract 307",600,1
719,"87",41,43,30700,41043030700,307,"Census Tract 307",600,1
720,"87",41,43,30700,41043030700,307,"Census Tract 307",600,1
721,"61",41,43,20200,41043020200,202,"Census Tract 202",600,1
722,"61",41,43,20200,41043020200,202,"Census Tract 202",600,1
723,"61",41,43,20200,41043020200,202,"Census Tract 202",600,1
724,"61",41,43,20200,41043020200,202,"Census Tract 202",600,1
725,"61",41,43,20200,41043020200,202,"Census Tract 202",600,1
726,"86",41,43,20700,41043020700,207,"Census Tract 207",600,1
727,"86",41,43,20700,41043020700,207,"Census Tract 207",600,1
728,"63",41,43,20300,41043020300,203,"Census Tract 203",600,1
729,"63",41,43,20300,41043020300,203,"Census Tract 203",600,1
730,"86",41,43,20700,41043020700,207,"Census Tract 207",600,1
731,"86",41,43,20700,41043020700,207,"Census Tract 207",600,1
732,"86",41,43,20700,41043020700,207,"Census Tract 207",600,1
733,"86",41,43,20700,41043020700,207,"Census Tract 207",600,1
734,"86",41,43,20700,41043020700,207,"Census Tract 207",600,1
735,"61",41,43,20200,41043020200,202,"Census Tract 202",600,1
736,"98",41,43,20600,41043020600,206,"Census Tract 206",600,1
737,"98",41,43,20600,41043020600,206,"Census Tract 206",600,1
738,"98",41,43,20600,41043020600,206,"Census Tract 206",600,1
739,"98",41,43,20600,41043020600,206,"Census Tract 206",600,1
740,"98",41,43,20600,41043020600,206,"Census Tract 206",600,1
741,"98",41,43,20600,41043020600,206,"Census Tract 206",600,1
742,"98",41,43,20600,41043020600,206,"Census Tract 206",600,1
743,"98",41,43,20600,41043020600,206,"Census Tract 206",600,1
744,"98",41,43,20600,41043020600,206,"Census Tract 206",600,1
745,"112",41,43,20700,41043020700,207,"Census Tract 207",600,1
746,"86",41,43,20700,41043020700,207,"Census Tract 207",600,1
747,"86",41,43,20700,41043020700,207,"Census Tract 207",600,1
748,"86",41,43,20700,41043020700,207,"Census Tract 207",600,1
749,"112",41,43,20700,41043020700,207,"Census Tract 207",600,1
750,"112",41,43,20700,41043020700,207,"Census Tract 207",600,1
751,"112",41,43,20700,41043020700,207,"Census Tract 207",600,1
752,"112",41,43,20700,41043020700,207,"Census Tract 207",600,1
753,"108",41,43,20600,41043020600,206,"Census Tract 206",600,1
754,"64",41,43,20600,41043020600,206,"Census Tract 206",600,1
755,"108",41,43,20600,41043020600,206,"Census Tract 206",600,1
756,"64",41,43,20600,41043020600,206,"Census Tract 206",600,1
757,"64",41,43,20600,41043020600,206,"Census Tract 206",600,1
758,"108",41,43,20600,41043020600,206,"Census Tract 206",600,1
759,"108",41,43,20600,41043020600,206,"Census Tract 206",600,1
760,"109",41,43,20700,41043020700,207,"Census Tract 207",600,1
761,"109",41,43,20700,41043020700,207,"Census Tract 207",600,1
762,"109",41,43,20700,41043020700,207,"Census Tract 207",600,1
763,"109",41,43,20700,41043020700,207,"Census Tract 207",600,1
764,"110",41,43,20802,41043020802,208.02,"Census Tract 208.02",600,1
765,"110",41,43,20802,41043020802,208.02,"Census Tract 208.02",600,1
766,"110",41,43,20802,41043020802,208.02,"Census Tract 208.02",600,1
767,"110",41,43,20802,41043020802,208.02,"Census Tract 208.02",600,1
768,"110",41,43,20802,41043020802,208.02,"Census Tract 208.02",600,1
769,"110",41,43,20802,41043020802,208.02,"Census Tract 208.02",600,1
770,"110",41,43,20802,41043020802,208.02,"Census Tract 208.02",600,1
771,"107",41,43,20802,41043020802,208.02,"Census Tract 208.02",600,1
772,"109",41,43,20700,41043020700,207,"Census Tract 207",600,1
773,"109",41,43,20700,41043020700,207,"Census Tract 207",600,1
774,"107",41,43,20802,41043020802,208.02,"Census Tract 208.02",600,1
775,"107",41,43,20802,41043020802,208.02,"Census Tract 208.02",600,1
776,"109",41,43,20700,41043020700,207,"Census Tract 207",600,1
777,"107",41,43,20802,41043020802,208.02,"Census Tract 208.02",600,1
778,"106",41,43,20600,41043020600,206,"Census Tract 206",600,1
779,"106",41,43,20600,41043020600,206,"Census Tract 206",600,1
780,"89",41,43,20600,41043020600,206,"Census Tract 206",600,1
781,"89",41,43,20600,41043020600,206,"Census Tract 206",600,1
782,"101",41,43,20500,41043020500,205,"Census Tract 205",600,1
783,"101",41,43,20500,41043020500,205,"Census Tract 205",600,1
784,"106",41,43,20600,41043020600,206,"Census Tract 206",600,1
785,"106",41,43,20600,41043020600,206,"Census Tract 206",600,1
786,"106",41,43,20600,41043020600,206,"Census Tract 206",600,1
787,"105",41,43,20802,41043020802,208.02,"Census Tract 208.02",600,1
788,"105",41,43,20802,41043020802,208.02,"Census Tract 208.02",600,1
789,"114",41,43,20802,41043020802,208.02,"Census Tract 208.02",600,1
790,"114",41,43,20802,41043020802,208.02,"Census Tract 208.02",600,1
791,"114",41,43,20802,41043020802,208.02,"Census Tract 208.02",600,1
792,"114",41,43,20802,41043020802,208.02,"Census Tract 208.02",600,1
793,"114",41,43,20802,41043020802,208.02,"Census Tract 208.02",600,1
794,"105",41,43,20802,41043020802,208.02,"Census Tract 208.02",600,1
795,"114",41,43,20802,41043020802,208.02,"Census Tract 208.02",600,1
796,"114",41,43,20802,41043020802,208.02,"Census Tract 208.02",600,1
797,"110",41,43,20802,41043020802,208.02,"Census Tract 208.02",600,1
798,"110",41,43,20802,41043020802,208.02,"Census Tract 208.02",600,1
799,"111",41,43,20801,41043020801,208.01,"Census Tract 208.01",600,1
800,"111",41,43,20801,41043020801,208.01,"Census Tract 208.01",600,1
801,"111",41,43,20801,41043020801,208.01,"Census Tract 208.01",600,1
802,"111",41,43,20801,41043020801,208.01,"Census Tract 208.01",600,1
803,"111",41,43,20801,41043020801,208.01,"Census Tract 208.01",600,1
804,"111",41,43,20801,41043020801,208.01,"Census Tract 208.01",600,1
805,"111",41,43,20801,41043020801,208.01,"Census Tract 208.01",600,1
806,"111",41,43,20801,41043020801,208.01,"Census Tract 208.01",600,1
807,"111",41,43,20801,41043020801,208.01,"Census Tract 208.01",600,1
808,"111",41,43,20801,41043020801,208.01,"Census Tract 208.01",600,1
809,"81",41,43,20801,41043020801,208.01,"Census Tract 208.01",600,1
810,"111",41,43,20801,41043020801,208.01,"Census Tract 208.01",600,1
811,"111",41,43,20801,41043020801,208.01,"Census Tract 208.01",600,1
812,"111",41,43,20801,41043020801,208.01,"Census Tract 208.01",600,1
813,"77",41,43,20400,41043020400,204,"Census Tract 204",600,1
814,"77",41,43,20400,41043020400,204,"Census Tract 204",600,1
815,"77",41,43,20400,41043020400,204,"Census Tract 204",600,1
816,"81",41,43,20801,41043020801,208.01,"Census Tract 208.01",600,1
817,"81",41,43,20801,41043020801,208.01,"Census Tract 208.01",600,1
818,"81",41,43,20801,41043020801,208.01,"Census Tract 208.01",600,1
819,"81",41,43,20801,41043020801,208.01,"Census Tract 208.01",600,1
820,"81",41,43,20801,41043020801,208.01,"Census Tract 208.01",600,1
821,"81",41,43,20801,41043020801,208.01,"Census Tract 208.01",600,1
822,"81",41,43,20801,41043020801,208.01,"Census Tract 208.01",600,1
823,"101",41,43,20500,41043020500,205,"Census Tract 205",600,1
824,"101",41,43,20500,41043020500,205,"Census Tract 205",600,1
825,"101",41,43,20500,41043020500,205,"Census Tract 205",600,1
826,"67",41,43,20500,41043020500,205,"Census Tract 205",600,1
827,"67",41,43,20500,41043020500,205,"Census Tract 205",600,1
828,"77",41,43,20400,41043020400,204,"Census Tract 204",600,1
829,"77",41,43,20400,41043020400,204,"Census Tract 204",600,1
830,"77",41,43,20400,41043020400,204,"Census Tract 204",600,1
831,"77",41,43,20400,41043020400,204,"Census Tract 204",600,1
832,"77",41,43,20400,41043020400,204,"Census Tract 204",600,1
833,"77",41,43,20400,41043020400,204,"Census Tract 204",600,1
834,"77",41,43,20400,41043020400,204,"Census Tract 204",600,1
835,"67",41,43,20500,41043020500,205,"Census Tract 205",600,1
836,"67",41,43,20500,41043020500,205,"Census Tract 205",600,1
837,"67",41,43,20500,41043020500,205,"Census Tract 205",600,1
838,"101",41,43,20500,41043020500,205,"Census Tract 205",600,1
839,"101",41,43,20500,41043020500,205,"Census Tract 205",600,1
840,"67",41,43,20500,41043020500,205,"Census Tract 205",600,1
841,"67",41,43,20500,41043020500,205,"Census Tract 205",600,1
842,"67",41,43,20500,41043020500,205,"Census Tract 205",600,1
843,"67",41,43,20500,41043020500,205,"Census Tract 205",600,1
844,"77",41,43,20400,41043020400,204,"Census Tract 204",600,1
845,"88",41,43,20100,41043020100,201,"Census Tract 201",600,1
846,"67",41,43,20500,41043020500,205,"Census Tract 205",600,1
847,"67",41,43,20500,41043020500,205,"Census Tract 205",600,1
848,"67",41,43,20500,41043020500,205,"Census Tract 205",600,1
849,"67",41,43,20500,41043020500,205,"Census Tract 205",600,1
850,"67",41,43,20500,41043020500,205,"Census Tract 205",600,1
851,"67",41,43,20500,41043020500,205,"Census Tract 205",600,1
852,"101",41,43,20500,41043020500,205,"Census Tract 205",600,1
853,"71",41,43,20100,41043020100,201,"Census Tract 201",600,1
854,"71",41,43,20100,41043020100,201,"Census Tract 201",600,1
855,"71",41,43,20100,41043020100,201,"Census Tract 201",600,1
856,"71",41,43,20100,41043020100,201,"Census Tract 201",600,1
857,"71",41,43,20100,41043020100,201,"Census Tract 201",600,1
858,"71",41,43,20100,41043020100,201,"Census Tract 201",600,1
859,"71",41,43,20100,41043020100,201,"Census Tract 201",600,1
860,"60",41,43,20100,41043020100,201,"Census Tract 201",600,1
861,"60",41,43,20100,41043020100,201,"Census Tract 201",600,1
862,"60",41,43,20100,41043020100,201,"Census Tract 201",600,1
863,"60",41,43,20100,41043020100,201,"Census Tract 201",600,1
864,"60",41,43,20100,41043020100,201,"Census Tract 201",600,1
865,"60",41,43,20100,41043020100,201,"Census Tract 201",600,1
866,"71",41,43,20100,41043020100,201,"Census Tract 201",600,1
867,"71",41,43,20100,41043020100,201,"Census Tract 201",600,1
868,"71",41,43,20100,41043020100,201,"Census Tract 201",600,1
869,"71",41,43,20100,41043020100,201,"Census Tract 201",600,1
870,"71",41,43,20100,41043020100,201,"Census Tract 201",600,1
871,"71",41,43,20100,41043020100,201,"Census Tract 201",600,1
872,"71",41,43,20100,41043020100,201,"Census Tract 201",600,1
873,"71",41,43,20100,41043020100,201,"Census Tract 201",600,1
874,"71",41,43,20100,41043020100,201,"Census Tract 201",600,1
875,"71",41,43,20100,41043020100,201,"Census Tract 201",600,1
876,"71",41,43,20100,41043020100,201,"Census Tract 201",600,1
877,"60",41,43,20100,41043020100,201,"Census Tract 201",600,1
878,"60",41,43,20100,41043020100,201,"Census Tract 201",600,1
879,"60",41,43,20100,41043020100,201,"Census Tract 201",600,1
880,"60",41,43,20100,41043020100,201,"Census Tract 201",600,1
881,"60",41,43,20100,41043020100,201,"Census Tract 201",600,1
882,"60",41,43,20100,41043020100,201,"Census Tract 201",600,1
883,"71",41,43,20100,41043020100,201,"Census Tract 201",600,1
884,"71",41,43,20100,41043020100,201,"Census Tract 201",600,1
885,"71",41,43,20100,41043020100,201,"Census Tract 201",600,1
886,"71",41,43,20100,41043020100,201,"Census Tract 201",600,1
887,"71",41,43,20100,41043020100,201,"Census Tract 201",600,1
888,"60",41,43,20100,41043020100,201,"Census Tract 201",600,1
889,"71",41,43,20100,41043020100,201,"Census Tract 201",600,1
890,"71",41,43,20100,41043020100,201,"Census Tract 201",600,1
891,"60",41,43,20100,41043020100,201,"Census Tract 201",600,1
892,"60",41,43,20100,41043020100,201,"Census Tract 201",600,1
893,"60",41,43,20100,41043020100,201,"Census Tract 201",600,1
894,"60",41,43,20100,41043020100,201,"Census Tract 201",600,1
895,"60",41,43,20100,41043020100,201,"Census Tract 201",600,1
896,"60",41,43,20100,41043020100,201,"Census Tract 201",600,1
897,"60",41,43,20100,41043020100,201,"Census Tract 201",600,1
898,"60",41,43,20100,41043020100,201,"Census Tract 201",600,1
899,"60",41,43,20100,41043020100,201,"Census Tract 201",600,1
900,"60",41,43,20100,41043020100,201,"Census Tract 201",600,1
901,"60",41,43,20100,41043020100,201,"Census Tract 201",600,1
902,"61",41,43,20200,41043020200,202,"Census Tract 202",600,1
903,"94",41,43,30700,41043030700,307,"Census Tract 307",600,1
904,"61",41,43,20200,41043020200,202,"Census Tract 202",600,1
905,"61",41,43,20200,41043020200,202,"Census Tract 202",600,1
906,"61",41,43,20200,41043020200,202,"Census Tract 202",600,1
907,"61",41,43,20200,41043020200,202,"Census Tract 202",600,1
908,"61",41,43,20200,41043020200,202,"Census Tract 202",600,1
909,"61",41,43,20200,41043020200,202,"Census Tract 202",600,1
910,"61",41,43,20200,41043020200,202,"Census Tract 202",600,1
911,"61",41,43,20200,41043020200,202,"Census Tract 202",600,1
912,"61",41,43,20200,41043020200,202,"Census Tract 202",600,1
913,"61",41,43,20200,41043020200,202,"Census Tract 202",600,1
914,"86",41,43,20700,41043020700,207,"Census Tract 207",600,1
915,"86",41,43,20700,41043020700,207,"Census Tract 207",600,1
916,"64",41,43,20600,41043020600,206,"Census Tract 206",600,1
917,"64",41,43,20600,41043020600,206,"Census Tract 206",600,1
918,"71",41,43,20100,41043020100,201,"Census Tract 201",600,1
919,"2",41,3,10100,41003010100,101,"Census Tract 101",600,1
920,"61",41,43,20200,41043020200,202,"Census Tract 202",600,1
921,"94",41,43,30700,41043030700,307,"Census Tract 307",600,1
922,"61",41,43,20200,41043020200,202,"Census Tract 202",600,1
923,"61",41,43,20200,41043020200,202,"Census Tract 202",600,1
924,"94",41,43,30700,41043030700,307,"Census Tract 307",600,1
1100,"91",41,43,30800,41043030800,308,"Census Tract 308",600,1
1101,"83",41,43,30800,41043030800,308,"Census Tract 308",600,1
1103,"83",41,43,30800,41043030800,308,"Census Tract 308",600,1
1104,"83",41,43,30800,41043030800,308,"Census Tract 308",600,1
1105,"92",41,43,30800,41043030800,308,"Census Tract 308",600,1
1106,"83",41,43,30800,41043030800,308,"Census Tract 308",600,1
1107,"92",41,43,30800,41043030800,308,"Census Tract 308",600,1
1108,"83",41,43,30800,41043030800,308,"Census Tract 308",600,1
1109,"93",41,43,30800,41043030800,308,"Census Tract 308",600,1
1110,"93",41,43,30800,41043030800,308,"Census Tract 308",600,1
1111,"79",41,43,30800,41043030800,308,"Census Tract 308",600,1
1112,"95",41,43,30800,41043030800,308,"Census Tract 308",600,1
1113,"95",41,43,30800,41043030800,308,"Census Tract 308",600,1
1114,"95",41,43,30800,41043030800,308,"Census Tract 308",600,1
1115,"95",41,43,30800,41043030800,308,"Census Tract 308",600,1
1116,"83",41,43,30800,41043030800,308,"Census Tract 308",600,1
1117,"95",41,43,30800,41043030800,308,"Census Tract 308",600,1
1118,"95",41,43,30800,41043030800,308,"Census Tract 308",600,1
1119,"83",41,43,30800,41043030800,308,"Census Tract 308",600,1
1120,"83",41,43,30800,41043030800,308,"Census Tract 308",600,1
1121,"95",41,43,30800,41043030800,308,"Census Tract 308",600,1
1122,"95",41,43,30800,41043030800,308,"Census Tract 308",600,1
1123,"93",41,43,30800,41043030800,308,"Census Tract 308",600,1
1124,"93",41,43,30800,41043030800,308,"Census Tract 308",600,1
1125,"93",41,43,30800,41043030800,308,"Census Tract 308",600,1
1126,"93",41,43,30800,41043030800,308,"Census Tract 308",600,1
1127,"93",41,43,30800,41043030800,308,"Census Tract 308",600,1
1128,"93",41,43,30800,41043030800,308,"Census Tract 308",600,1
1129,"93",41,43,30800,41043030800,308,"Census Tract 308",600,1
1130,"93",41,43,30800,41043030800,308,"Census Tract 308",600,1
1131,"92",41,43,30800,41043030800,308,"Census Tract 308",600,1
1132,"92",41,43,30800,41043030800,308,"Census Tract 308",600,1
1133,"79",41,43,30800,41043030800,308,"Census Tract 308",600,1
1134,"79",41,43,30800,41043030800,308,"Census Tract 308",600,1
1135,"79",41,43,30800,41043030800,308,"Census Tract 308",600,1
1136,"79",41,43,30800,41043030800,308,"Census Tract 308",600,1
1137,"92",41,43,30800,41043030800,308,"Census Tract 308",600,1
1138,"79",41,43,30800,41043030800,308,"Census Tract 308",600,1
1139,"79",41,43,30800,41043030800,308,"Census Tract 308",600,1
1140,"66",41,43,30902,41043030902,309.02,"Census Tract 309.02",600,1
1141,"66",41,43,30902,41043030902,309.02,"Census Tract 309.02",600,1
1142,"66",41,43,30902,41043030902,309.02,"Census Tract 309.02",600,1
1143,"66",41,43,30902,41043030902,309.02,"Census Tract 309.02",600,1
1144,"66",41,43,30902,41043030902,309.02,"Census Tract 309.02",600,1
1145,"66",41,43,30902,41043030902,309.02,"Census Tract 309.02",600,1
1146,"73",41,43,30903,41043030903,309.03,"Census Tract 309.03",600,1
1147,"66",41,43,30902,41043030902,309.02,"Census Tract 309.02",600,1
1148,"73",41,43,30903,41043030903,309.03,"Census Tract 309.03",600,1
1149,"73",41,43,30903,41043030903,309.03,"Census Tract 309.03",600,1
1150,"73",41,43,30903,41043030903,309.03,"Census Tract 309.03",600,1
1151,"73",41,43,30903,41043030903,309.03,"Census Tract 309.03",600,1
1152,"73",41,43,30903,41043030903,309.03,"Census Tract 309.03",600,1
1153,"113",41,43,30904,41043030904,309.04,"Census Tract 309.04",600,1
1154,"113",41,43,30904,41043030904,309.04,"Census Tract 309.04",600,1
1155,"113",41,43,30904,41043030904,309.04,"Census Tract 309.04",600,1
1156,"113",41,43,30904,41043030904,309.04,"Census Tract 309.04",600,1
1157,"84",41,43,30904,41043030904,309.04,"Census Tract 309.04",600,1
1158,"84",41,43,30904,41043030904,309.04,"Census Tract 309.04",600,1
1159,"84",41,43,30904,41043030904,309.04,"Census Tract 309.04",600,1
1160,"82",41,43,30902,41043030902,309.02,"Census Tract 309.02",600,1
1161,"66",41,43,30902,41043030902,309.02,"Census Tract 309.02",600,1
1162,"66",41,43,30902,41043030902,309.02,"Census Tract 309.02",600,1
1163,"96",41,43,30903,41043030903,309.03,"Census Tract 309.03",600,1
1164,"96",41,43,30903,41043030903,309.03,"Census Tract 309.03",600,1
1165,"96",41,43,30903,41043030903,309.03,"Census Tract 309.03",600,1
1166,"113",41,43,30904,41043030904,309.04,"Census Tract 309.04",600,1
1167,"113",41,43,30904,41043030904,309.04,"Census Tract 309.04",600,1
1168,"113",41,43,30904,41043030904,309.04,"Census Tract 309.04",600,1
1169,"113",41,43,30904,41043030904,309.04,"Census Tract 309.04",600,1
1170,"97",41,43,30903,41043030903,309.03,"Census Tract 309.03",600,1
1171,"97",41,43,30903,41043030903,309.03,"Census Tract 309.03",600,1
1172,"96",41,43,30903,41043030903,309.03,"Census Tract 309.03",600,1
1173,"96",41,43,30903,41043030903,309.03,"Census Tract 309.03",600,1
1174,"97",41,43,30903,41043030903,309.03,"Census Tract 309.03",600,1
1175,"97",41,43,30903,41043030903,309.03,"Census Tract 309.03",600,1
1176,"69",41,43,30903,41043030903,309.03,"Census Tract 309.03",600,1
1177,"85",41,43,30904,41043030904,309.04,"Census Tract 309.04",600,1
1178,"85",41,43,30904,41043030904,309.04,"Census Tract 309.04",600,1
1179,"85",41,43,30904,41043030904,309.04,"Census Tract 309.04",600,1
1180,"68",41,43,30902,41043030902,309.02,"Census Tract 309.02",600,1
1181,"69",41,43,30903,41043030903,309.03,"Census Tract 309.03",600,1
1182,"69",41,43,30903,41043030903,309.03,"Census Tract 309.03",600,1
1183,"69",41,43,30903,41043030903,309.03,"Census Tract 309.03",600,1
1184,"69",41,43,30903,41043030903,309.03,"Census Tract 309.03",600,1
1185,"85",41,43,30904,41043030904,309.04,"Census Tract 309.04",600,1
1186,"68",41,43,30902,41043030902,309.02,"Census Tract 309.02",600,1
1187,"68",41,43,30902,41043030902,309.02,"Census Tract 309.02",600,1
1188,"69",41,43,30903,41043030903,309.03,"Census Tract 309.03",600,1
1189,"69",41,43,30903,41043030903,309.03,"Census Tract 309.03",600,1
1190,"68",41,43,30902,41043030902,309.02,"Census Tract 309.02",600,1
1191,"72",41,43,30902,41043030902,309.02,"Census Tract 309.02",600,1
1192,"85",41,43,30904,41043030904,309.04,"Census Tract 309.04",600,1
1193,"93",41,43,30800,41043030800,308,"Census Tract 308",600,1
1194,"69",41,43,30903,41043030903,309.03,"Census Tract 309.03",600,1
1195,"69",41,43,30903,41043030903,309.03,"Census Tract 309.03",600,1
1200,"94",41,43,30700,41043030700,307,"Census Tract 307",600,1
1201,"94",41,43,30700,41043030700,307,"Census Tract 307",600,1
1202,"94",41,43,30700,41043030700,307,"Census Tract 307",600,1
1203,"94",41,43,30700,41043030700,307,"Census Tract 307",600,1
1204,"94",41,43,30700,41043030700,307,"Census Tract 307",600,1
1205,"94",41,43,30700,41043030700,307,"Census Tract 307",600,1
1206,"94",41,43,30700,41043030700,307,"Census Tract 307",600,1
1207,"94",41,43,30700,41043030700,307,"Census Tract 307",600,1
1208,"94",41,43,30700,41043030700,307,"Census Tract 307",600,1
1209,"94",41,43,30700,41043030700,307,"Census Tract 307",600,1
1210,"94",41,43,30700,41043030700,307,"Census Tract 307",600,1
1211,"94",41,43,30700,41043030700,307,"Census Tract 307",600,1
1220,"59",41,43,30700,41043030700,307,"Census Tract 307",600,1
1221,"62",41,43,30700,41043030700,307,"Census Tract 307",600,1
1222,"99",41,43,30700,41043030700,307,"Census Tract 307",600,1
1223,"94",41,43,30700,41043030700,307,"Census Tract 307",600,1
1224,"99",41,43,30700,41043030700,307,"Census Tract 307",600,1
1225,"61",41,43,20200,41043020200,202,"Census Tract 202",600,1
1226,"94",41,43,30700,41043030700,307,"Census Tract 307",600,1
1227,"94",41,43,30700,41043030700,307,"Census Tract 307",600,1
1228,"94",41,43,30700,41043030700,307,"Census Tract 307",600,1
1229,"94",41,43,30700,41043030700,307,"Census Tract 307",600,1
1230,"94",41,43,30700,41043030700,307,"Census Tract 307",600,1
1231,"70",41,43,30500,41043030500,305,"Census Tract 305",600,1
1232,"94",41,43,30700,41043030700,307,"Census Tract 307",600,1
1233,"94",41,43,30700,41043030700,307,"Census Tract 307",600,1
1234,"66",41,43,30902,41043030902,309.02,"Census Tract 309.02",600,1
1235,"91",41,43,30800,41043030800,308,"Census Tract 308",600,1
1236,"91",41,43,30800,41043030800,308,"Census Tract 308",600,1
1237,"66",41,43,30902,41043030902,309.02,"Census Tract 309.02",600,1
1238,"91",41,43,30800,41043030800,308,"Census Tract 308",600,1
1239,"91",41,43,30800,41043030800,308,"Census Tract 308",600,1
1240,"91",41,43,30800,41043030800,308,"Census Tract 308",600,1
1241,"91",41,43,30800,41043030800,308,"Census Tract 308",600,1
1242,"91",41,43,30800,41043030800,308,"Census Tract 308",600,1
1243,"91",41,43,30800,41043030800,308,"Census Tract 308",600,1
1244,"91",41,43,30800,41043030800,308,"Census Tract 308",600,1
1245,"80",41,43,30100,41043030100,301,"Census Tract 301",600,1
1246,"80",41,43,30100,41043030100,301,"Census Tract 301",600,1
1247,"91",41,43,30800,41043030800,308,"Census Tract 308",600,1
1248,"91",41,43,30800,41043030800,308,"Census Tract 308",600,1
1249,"92",41,43,30800,41043030800,308,"Census Tract 308",600,1
1250,"91",41,43,30800,41043030800,308,"Census Tract 308",600,1
1251,"70",41,43,30500,41043030500,305,"Census Tract 305",600,1
1252,"66",41,43,30902,41043030902,309.02,"Census Tract 309.02",600,1
1253,"66",41,43,30902,41043030902,309.02,"Census Tract 309.02",600,1
1254,"72",41,43,30902,41043030902,309.02,"Census Tract 309.02",600,1
1255,"72",41,43,30902,41043030902,309.02,"Census Tract 309.02",600,1
1256,"72",41,43,30902,41043030902,309.02,"Census Tract 309.02",600,1
1257,"78",41,43,30902,41043030902,309.02,"Census Tract 309.02",600,1
1258,"78",41,43,30902,41043030902,309.02,"Census Tract 309.02",600,1
1259,"78",41,43,30902,41043030902,309.02,"Census Tract 309.02",600,1
1260,"78",41,43,30902,41043030902,309.02,"Census Tract 309.02",600,1
1290,"118",41,47,10802,41047010802,108.02,"Census Tract 108.02",600,1
1291,"118",41,47,10802,41047010802,108.02,"Census Tract 108.02",600,1
1292,"117",41,47,10802,41047010802,108.02,"Census Tract 108.02",600,1
1293,"118",41,47,10802,41047010802,108.02,"Census Tract 108.02",600,1
