Region,SUBREGCluster,SUBREGClusterDummy,SUBREG_GRP,SUBREG_GRPDummy,SUBREG,TAZ
1,2,2,1,1,11.1,11010
1,2,2,1,1,11.1,11020
1,2,2,1,1,11.1,11030
1,2,2,1,1,11.1,11040
1,2,2,1,1,11.1,11050
1,2,2,1,1,11.1,11090
1,2,2,1,1,11.1,11060
1,2,2,1,1,11.1,11070
1,2,2,1,1,11.1,11080
1,2,2,1,1,11.1,11100
1,2,2,1,1,11.1,11110
1,2,2,1,1,11.1,11120
1,2,2,1,1,11.1,11130
1,2,2,1,1,11.1,11140
1,2,2,1,1,11.1,11150
1,2,2,1,1,11.1,11160
1,2,2,1,1,11.1,11170
1,2,2,1,1,11.1,11180
1,2,2,1,1,11.1,11190
1,2,2,1,1,11.1,11200
1,2,2,1,1,11.1,11210
1,2,2,1,1,11.1,11220
1,2,2,1,1,11.1,11230
1,2,2,1,1,11.1,11240
1,2,2,1,1,11.1,11250
1,2,2,1,1,11.1,11260
1,2,2,1,1,11.1,11270
1,2,2,1,1,11.1,11280
1,4,4,2,2,12,12010
1,4,4,2,2,12,12020
1,4,4,2,2,12,12030
1,4,4,2,2,12,12040
1,4,4,2,2,12,12050
1,4,4,2,2,12,12060
1,4,4,2,2,12,12070
1,4,4,2,2,12,12080
1,4,4,2,2,12,12130
1,4,4,2,2,12,12150
1,4,4,2,2,12,12090
1,4,4,2,2,12,12100
1,4,4,2,2,12,12110
1,4,4,2,2,12,12120
1,4,4,2,2,12,12140
1,4,4,2,2,12,12160
1,4,4,2,2,12,12170
1,4,4,2,2,12,12180
1,4,4,2,2,12,12190
1,4,4,2,2,12,12200
1,4,4,2,2,12,12210
1,4,4,2,2,12,12220
1,4,4,2,2,12,12250
1,4,4,2,2,12,12280
1,4,4,2,2,12,12230
1,4,4,2,2,12,12240
1,4,4,2,2,12,12260
1,4,4,2,2,12,12270
1,4,4,2,2,12,12290
1,4,4,2,2,12,12300
1,4,4,2,2,12,12310
1,4,4,2,2,12,12320
1,4,4,2,2,12,12330
1,4,4,2,2,12,12370
1,4,4,2,2,12,12380
1,4,4,2,2,12,12340
1,4,4,2,2,12,12350
1,4,4,2,2,12,12360
1,4,4,2,2,12,12390
1,4,4,2,2,12,12400
1,4,4,2,2,12,12410
1,4,4,2,2,12,12420
1,1,1,3,3,13.2,13010
1,1,1,3,3,13.2,13020
1,1,1,3,3,13.2,13030
1,1,1,3,3,13.2,13040
1,1,1,3,3,13.2,13050
1,1,1,3,3,13.1,13060
1,1,1,3,3,13.1,13070
1,1,1,3,3,13.2,13080
1,1,1,3,3,13.2,13090
1,1,1,3,3,13.2,13120
1,1,1,3,3,13.2,13150
1,1,1,3,3,13.2,13100
1,1,1,3,3,13.2,13110
1,1,1,3,3,13.1,13130
1,1,1,3,3,13.1,13140
1,1,1,3,3,13.1,13190
1,1,1,3,3,13.2,13200
1,1,1,3,3,13.2,13160
1,1,1,3,3,13.2,13170
1,1,1,3,3,13.1,13180
1,1,1,3,3,13.1,13220
1,1,1,3,3,13.1,13240
1,1,1,3,3,13.1,13210
1,1,1,3,3,13.1,13230
1,1,1,3,3,13.2,13250
1,1,1,3,3,13.2,13270
1,1,1,3,3,13.2,13310
1,1,1,3,3,13.2,13280
1,1,1,3,3,13.2,13290
1,1,1,3,3,13.2,13320
1,1,1,3,3,13.2,13330
1,1,1,1,1,11.2,14010
1,1,1,1,1,11.2,14020
1,1,1,1,1,11.2,14030
1,1,1,1,1,11.3,14040
1,1,1,6,6,29,21010
1,1,1,6,6,29,21020
1,1,1,6,6,29,21030
1,1,1,6,6,29,21040
1,1,1,6,6,29,21050
1,1,1,6,6,29,21060
1,1,1,6,6,29,21070
1,1,1,6,6,29,21080
1,1,1,6,6,29,21090
1,1,1,6,6,29,21100
1,1,1,6,6,29,21110
1,1,1,6,6,29,21120
1,1,1,6,6,29,21130
1,1,1,6,6,29,21140
1,1,1,6,6,29,21150
1,3,3,8,8,35,21160
1,2,2,4,4,21,22010
1,2,2,4,4,21,22030
1,2,2,4,4,21,22020
1,2,2,4,4,21,22040
1,2,2,4,4,21,22050
1,2,2,4,4,21,22060
1,2,2,4,4,21,22070
1,2,2,4,4,21,22080
1,2,2,4,4,21,22090
1,2,2,4,4,21,22100
1,2,2,4,4,21,22110
1,2,2,4,4,21,22120
1,2,2,5,5,22,22130
1,2,2,4,4,21,22140
1,2,2,4,4,21,22150
1,2,2,4,4,21,22160
1,2,2,4,4,21,22170
1,2,2,4,4,21,22180
1,2,2,4,4,21,22190
1,2,2,4,4,21,22200
1,2,2,5,5,22,22210
1,2,2,4,4,21,22220
1,2,2,4,4,21,22230
1,2,2,4,4,21,22240
1,2,2,4,4,21,22250
1,2,2,4,4,21,22260
1,2,2,4,4,21,22270
1,2,2,4,4,21,22280
1,2,2,4,4,21,22290
1,2,2,5,5,22,22300
1,2,2,5,5,22,22310
1,2,2,5,5,22,22320
1,2,2,5,5,22,22330
1,2,2,5,5,22,22340
1,2,2,5,5,22,22350
1,2,2,4,4,21,22360
1,2,2,4,4,21,22370
1,2,2,4,4,21,22380
1,2,2,5,5,22,22390
1,2,2,5,5,22,22400
1,2,2,5,5,22,22410
1,2,2,5,5,22,22420
1,2,2,5,5,22,22430
1,2,2,5,5,22,22440
1,2,2,5,5,22,22450
1,2,2,5,5,22,22460
1,2,2,5,5,22,22470
1,2,2,5,5,22,22480
1,2,2,4,4,21,22490
1,2,2,4,4,21,22500
1,2,2,4,4,21,22510
1,2,2,5,5,22,22520
1,2,2,5,5,22,22530
1,2,2,5,5,22,22540
1,2,2,5,5,22,22550
1,2,2,5,5,22,22560
1,2,2,5,5,22,22570
1,2,2,5,5,22,22580
1,2,2,5,5,22,22590
1,2,2,5,5,22,22600
1,2,2,5,5,22,22610
1,2,2,5,5,22,22620
1,2,2,4,4,21,22630
1,2,2,4,4,21,22640
1,2,2,4,4,21,22650
1,2,2,5,5,22,22660
1,2,2,5,5,22,22670
1,2,2,5,5,22,22680
1,2,2,5,5,22,22690
1,2,2,5,5,22,22700
1,2,2,5,5,22,22710
1,2,2,5,5,22,22720
1,2,2,5,5,22,22730
1,2,2,5,5,22,22740
1,2,2,5,5,22,22750
1,2,2,5,5,22,22760
1,2,2,5,5,22,22770
1,2,2,5,5,22,22780
1,2,2,5,5,22,22790
1,2,2,5,5,22,22800
1,2,2,5,5,22,22810
1,2,2,5,5,22,22820
1,2,2,5,5,22,22830
1,2,2,5,5,22,22840
1,2,2,5,5,22,22850
1,2,2,5,5,22,22860
1,2,2,5,5,22,22870
1,2,2,5,5,22,22880
1,2,2,5,5,22,22890
1,2,2,5,5,22,22900
1,2,2,5,5,22,22910
1,2,2,9,9,36,23010
1,2,2,9,9,36,23020
1,2,2,9,9,36,23030
1,2,2,9,9,36,23040
1,2,2,9,9,36,23050
1,2,2,9,9,36,23060
1,2,2,9,9,36,23080
1,2,2,6,6,33,23090
1,2,2,6,6,33,23100
1,2,2,6,6,33,23110
1,2,2,6,6,33,23120
1,2,2,9,9,36,23210
1,2,2,6,6,33,23250
1,2,2,9,9,36,23130
1,2,2,9,9,36,23140
1,2,2,9,9,36,23150
1,2,2,9,9,36,23160
1,2,2,9,9,36,23170
1,2,2,9,9,36,23180
1,2,2,9,9,36,23190
1,2,2,9,9,36,23200
1,2,2,6,6,33,23220
1,2,2,6,6,33,23230
1,2,2,6,6,33,23240
1,2,2,6,6,33,23260
1,2,2,6,6,33,23270
1,2,2,6,6,33,23280
1,2,2,6,6,33,23290
1,2,2,6,6,33,23300
1,2,2,6,6,33,23310
1,2,2,6,6,33,23320
1,2,2,6,6,33,23330
1,2,2,9,9,36,23340
1,2,2,9,9,36,23350
1,2,2,9,9,36,23360
1,2,2,9,9,36,23370
1,2,2,6,6,33,23380
1,2,2,6,6,33,23390
1,2,2,6,6,33,23400
1,2,2,6,6,33,23410
1,2,2,6,6,33,23420
1,2,2,6,6,33,23430
1,2,2,9,9,36,23440
1,2,2,9,9,36,23450
1,2,2,9,9,36,23460
1,2,2,9,9,36,23470
1,2,2,9,9,36,23480
1,2,2,9,9,36,23490
1,2,2,9,9,36,23500
1,2,2,6,6,33,23510
1,2,2,6,6,33,23520
1,2,2,6,6,33,23530
1,2,2,6,6,33,23540
1,2,2,6,6,33,23550
1,2,2,6,6,33,23560
1,3,3,8,8,35,23570
1,4,4,7,7,34,23580
1,4,4,7,7,34,23590
1,4,4,7,7,34,23600
1,3,3,8,8,35,23610
1,3,3,8,8,35,23620
1,3,3,8,8,35,23630
1,3,3,8,8,35,23640
1,4,4,7,7,34,23650
1,3,3,8,8,35,23660
1,3,3,8,8,35,23670
1,4,4,7,7,34,23680
1,4,4,7,7,34,23690
1,4,4,7,7,34,23700
1,3,3,8,8,35,23710
1,3,3,8,8,35,23720
1,3,3,8,8,35,23730
1,3,3,8,8,35,23740
1,3,3,8,8,35,23750
1,3,3,8,8,35,23760
1,4,4,7,7,34,23770
1,4,4,7,7,34,23780
1,4,4,7,7,34,23790
1,4,4,7,7,34,23800
1,4,4,7,7,34,23810
1,3,3,8,8,35,24010
1,3,3,8,8,35,24020
1,4,4,7,7,34,24030
1,3,3,8,8,35,24040
1,3,3,8,8,35,24050
1,3,3,8,8,35,24060
1,3,3,8,8,35,24070
1,3,3,8,8,35,24080
1,3,3,8,8,35,24090
1,4,4,7,7,34,24100
1,4,4,7,7,34,24110
1,4,4,7,7,34,24120
1,3,3,8,8,35,24150
1,3,3,8,8,35,24140
1,3,3,8,8,35,24160
1,3,3,8,8,35,24170
1,3,3,8,8,35,24180
1,3,3,8,8,35,24190
1,3,3,8,8,35,24200
1,4,4,7,7,34,24210
1,4,4,7,7,34,24220
1,4,4,7,7,34,24230
1,4,4,7,7,34,24240
1,4,4,7,7,34,24250
1,3,3,8,8,35,24260
1,3,3,8,8,35,24270
1,3,3,8,8,35,24280
1,4,4,7,7,34,24290
1,3,3,8,8,35,24300
1,4,4,7,7,34,24310
1,4,4,7,7,34,24320
1,3,3,8,8,35,24350
1,4,4,7,7,34,24360
1,3,3,8,8,35,24330
1,3,3,8,8,35,24340
1,4,4,7,7,34,24370
1,4,4,7,7,34,24380
1,4,4,7,7,34,24390
1,3,3,8,8,35,24400
1,4,4,7,7,34,24410
1,4,4,7,7,34,24420
1,4,4,7,7,34,24460
1,4,4,7,7,34,24430
1,4,4,7,7,34,24440
1,4,4,7,7,34,24450
1,4,4,7,7,34,24470
1,4,4,11,11,38,25010
1,4,4,11,11,38,25060
1,2,2,11,11,39,25020
1,2,2,11,11,39,25030
1,2,2,11,11,39,25040
1,4,4,11,11,38,25050
1,4,4,11,11,38,25070
1,4,4,11,11,38,25080
1,2,2,11,11,39,25100
1,2,2,11,11,39,25090
1,2,2,11,11,39,25110
1,2,2,11,11,39,25120
1,2,2,11,11,39,25130
1,2,2,11,11,39,25140
1,4,4,11,11,38,25150
1,4,4,11,11,38,25260
1,4,4,11,11,38,25270
1,2,2,11,11,39,25160
1,2,2,11,11,39,25170
1,2,2,11,11,39,25180
1,2,2,11,11,39,25190
1,2,2,11,11,39,25200
1,2,2,11,11,39,25210
1,2,2,11,11,39,25220
1,2,2,11,11,39,25230
1,2,2,11,11,39,25240
1,4,4,11,11,38,25250
1,2,2,11,11,39,25280
1,2,2,11,11,39,25290
1,4,4,11,11,38,25300
1,2,2,11,11,39,25310
1,2,2,11,11,39,25320
1,2,2,11,11,39,25330
1,2,2,11,11,39,25340
1,2,2,11,11,39,25350
1,4,4,11,11,38,25360
1,4,4,11,11,38,25370
1,2,2,11,11,39,25380
1,4,4,11,11,38,25390
1,2,2,6,6,33,25400
1,2,2,11,11,39,25410
1,2,2,11,11,39,25420
1,4,4,11,11,38,25430
1,4,4,11,11,38,25440
1,4,4,11,11,38,25450
1,4,4,11,11,38,25460
1,2,2,6,6,33,25470
1,2,2,6,6,33,25480
1,2,2,6,6,33,25490
1,2,2,11,11,39,25500
1,4,4,11,11,38,25510
1,2,2,6,6,33,25520
1,2,2,6,6,33,25530
1,2,2,6,6,33,25540
1,2,2,11,11,39,25550
1,2,2,11,11,39,25560
1,4,4,11,11,38,25570
1,4,4,11,11,38,25580
1,4,4,11,11,38,25590
1,4,4,11,11,38,25600
1,4,4,11,11,38,25610
1,2,2,6,6,33,25620
1,2,2,6,6,33,25630
1,4,4,11,11,38,25640
1,4,4,11,11,38,25650
1,4,4,7,7,34,25660
1,4,4,11,11,38,25670
1,4,4,11,11,38,25680
1,4,4,11,11,38,25690
1,4,4,11,11,38,25700
1,4,4,11,11,38,25710
1,4,4,11,11,38,25720
1,4,4,11,11,38,25730
1,4,4,7,7,34,25740
1,4,4,11,11,38,25750
1,4,4,11,11,38,25760
1,4,4,11,11,38,25770
1,4,4,11,11,38,25780
1,4,4,11,11,38,25790
1,4,4,11,11,38,25800
1,4,4,11,11,38,25810
1,4,4,11,11,38,25820
1,4,4,11,11,38,25830
1,4,4,7,7,34,25840
1,4,4,7,7,34,25850
1,4,4,11,11,38,25860
1,4,4,11,11,38,25870
1,4,4,11,11,38,25880
1,4,4,11,11,38,25890
1,4,4,11,11,38,25900
1,4,4,11,11,38,25910
1,4,4,11,11,38,25920
1,4,4,11,11,38,26010
1,4,4,11,11,38,26020
1,4,4,11,11,38,26030
1,4,4,11,11,38,26090
1,4,4,11,11,38,26110
1,4,4,7,7,34,24130
1,4,4,7,7,34,26040
1,4,4,10,10,37,26050
1,4,4,10,10,37,26060
1,4,4,10,10,37,26070
1,4,4,10,10,37,26080
1,4,4,11,11,38,26100
1,4,4,10,10,37,26120
1,4,4,10,10,37,26130
1,4,4,10,10,37,26140
1,4,4,10,10,37,26150
1,4,4,11,11,38,26160
1,4,4,10,10,37,26170
1,4,4,11,11,38,26180
1,4,4,11,11,38,26190
1,4,4,7,7,34,26200
1,4,4,10,10,37,26210
1,4,4,10,10,37,26220
1,4,4,10,10,37,26230
1,4,4,10,10,37,26240
1,4,4,10,10,37,26250
1,4,4,10,10,37,26280
1,4,4,10,10,37,26290
1,4,4,7,7,34,26260
1,4,4,10,10,37,26270
1,4,4,10,10,37,26300
1,4,4,10,10,37,26310
1,4,4,10,10,37,26320
1,4,4,10,10,37,26330
1,4,4,7,7,34,26340
1,4,4,10,10,37,26350
1,4,4,10,10,37,26360
1,4,4,10,10,37,26370
1,4,4,10,10,37,26380
1,4,4,10,10,37,26390
1,4,4,10,10,37,26400
1,4,4,7,7,34,26410
1,4,4,10,10,37,26420
1,4,4,10,10,37,26430
1,4,4,7,7,34,26440
1,4,4,10,10,37,26490
1,4,4,10,10,37,26450
1,4,4,10,10,37,26460
1,4,4,10,10,37,26470
1,4,4,10,10,37,26480
1,4,4,7,7,34,26500
1,4,4,10,10,37,26510
1,4,4,10,10,37,26520
1,4,4,10,10,37,26530
1,4,4,10,10,37,26570
1,4,4,7,7,34,26540
1,4,4,10,10,37,26550
1,4,4,10,10,37,26560
1,4,4,10,10,37,26580
1,4,4,10,10,37,26590
1,4,4,10,10,37,26600
1,2,2,12,12,41,27010
1,2,2,12,12,41,27020
1,2,2,12,12,41,27030
1,2,2,12,12,41,27040
1,2,2,12,12,41,27050
1,2,2,12,12,41,27060
1,2,2,12,12,41,27070
1,2,2,12,12,41,27080
1,2,2,12,12,41,27090
1,2,2,12,12,41,27100
1,3,3,16,16,44,27160
1,2,2,12,12,41,27110
1,2,2,12,12,41,27120
1,2,2,12,12,41,27130
1,2,2,12,12,41,27140
1,3,3,16,16,44,27150
1,3,3,16,16,44,27170
1,2,2,12,12,41,27190
1,3,3,16,16,44,27250
1,2,2,12,12,41,27180
1,2,2,12,12,41,27200
1,2,2,12,12,41,27210
1,2,2,12,12,41,27220
1,2,2,12,12,41,27230
1,3,3,16,16,44,27240
1,2,2,12,12,41,27260
1,2,2,12,12,41,27270
1,2,2,12,12,41,27280
1,3,3,16,16,44,27290
1,2,2,12,12,41,27350
1,3,3,16,16,44,27390
1,2,2,12,12,41,27300
1,2,2,12,12,41,27310
1,2,2,12,12,41,27320
1,2,2,12,12,41,27330
1,2,2,12,12,41,27340
1,2,2,12,12,41,27360
1,2,2,12,12,41,27370
1,3,3,16,16,44,27380
1,3,3,16,16,44,27400
1,3,3,16,16,44,27410
1,2,2,12,12,41,27420
1,2,2,12,12,41,27430
1,2,2,12,12,41,27440
1,2,2,12,12,41,27450
1,1,1,14,14,42.2,27460
1,1,1,14,14,42.2,27470
1,2,2,12,12,41,27480
1,3,3,16,16,44,27490
1,3,3,16,16,44,27500
1,3,3,16,16,44,27510
1,3,3,16,16,44,27520
1,3,3,16,16,44,27530
1,3,3,16,16,44,27540
1,2,2,12,12,41,27550
1,3,3,16,16,44,27560
1,3,3,16,16,44,27570
1,3,3,16,16,44,27580
1,3,3,16,16,44,27590
1,3,3,16,16,44,27600
1,3,3,16,16,44,27610
1,3,3,16,16,44,27620
1,3,3,16,16,44,27630
1,3,3,16,16,44,27640
1,3,3,16,16,44,27650
1,3,3,15,15,43,27660
1,1,1,14,14,42.2,28010
1,1,1,14,14,42.2,28020
1,1,1,14,14,42.2,28030
1,2,2,12,12,41,28040
1,1,1,14,14,42.2,28050
1,1,1,14,14,42.2,28070
1,1,1,14,14,42.2,28080
1,1,1,14,14,42.2,28060
1,1,1,14,14,42.2,28090
1,2,2,12,12,41,28100
1,1,1,14,14,42.2,28110
1,1,1,14,14,42.2,28120
1,1,1,14,14,42.2,28130
1,3,3,15,15,43,28140
1,3,3,15,15,43,28150
1,3,3,15,15,43,28160
1,1,1,14,14,42.2,28190
1,1,1,13,13,42.1,28170
1,1,1,13,13,42.1,28180
1,1,1,14,14,42.2,28200
1,3,3,15,15,43,28210
1,3,3,15,15,43,28220
1,3,3,15,15,43,28230
1,1,1,14,14,42.2,28260
1,3,3,15,15,43,28280
1,1,1,13,13,42.1,28240
1,1,1,13,13,42.1,28250
1,3,3,15,15,43,28270
1,1,1,13,13,42.1,28290
1,3,3,15,15,43,28300
1,3,3,15,15,43,28310
1,1,1,13,13,42.1,28320
1,1,1,13,13,42.1,28330
1,1,1,14,14,42.2,28340
1,3,3,15,15,43,28350
1,1,1,13,13,42.1,28370
1,1,1,13,13,42.1,28380
1,1,1,13,13,42.1,28390
1,1,1,14,14,42.2,28400
1,3,3,15,15,43,28410
1,1,1,14,14,42.2,28420
1,3,3,15,15,43,28430
1,3,3,15,15,43,28440
1,1,1,14,14,42.2,28450
1,1,1,14,14,42.2,28460
1,1,1,14,14,42.2,28470
1,3,3,15,15,43,28480
1,3,3,15,15,43,28490
1,3,3,15,15,43,28500
1,3,3,15,15,43,28510
1,3,3,15,15,43,28520
1,1,1,14,14,42.2,28530
1,1,1,14,14,42.2,28540
1,3,3,15,15,43,28550
1,3,3,15,15,43,28560
1,3,3,15,15,43,28570
1,3,3,15,15,43,28580
1,3,3,15,15,43,28600
1,3,3,15,15,43,28590
1,3,3,15,15,43,28610
1,3,3,15,15,43,28620
1,3,3,15,15,43,28630
1,3,3,15,15,43,28640
1,3,3,15,15,43,28650
1,3,3,15,15,43,28660
1,3,3,15,15,43,28670
1,3,3,15,15,43,28680
1,3,3,15,15,43,28700
1,3,3,15,15,43,28730
1,3,3,15,15,43,28690
1,3,3,15,15,43,28710
1,3,3,15,15,43,28720
1,3,3,15,15,43,28740
1,3,3,15,15,43,28750
1,2,2,18,18,47.2,29010
1,2,2,18,18,47.2,29020
1,2,2,18,18,47.2,29030
1,2,2,18,18,47.2,29040
1,2,2,18,18,47.2,29050
1,2,2,18,18,47.2,29090
1,2,2,18,18,47.2,29100
1,2,2,18,18,47.2,29060
1,2,2,18,18,47.2,29070
1,2,2,18,18,47.2,29080
1,2,2,18,18,47.2,29110
1,2,2,18,18,47.2,29120
1,2,2,18,18,47.2,29150
1,2,2,18,18,47.2,29130
1,2,2,18,18,47.2,29140
1,2,2,18,18,47.2,29160
1,2,2,18,18,47.2,29200
1,2,2,18,18,47.2,29210
1,2,2,18,18,47.2,29170
1,2,2,18,18,47.2,29180
1,2,2,18,18,47.2,29190
1,2,2,18,18,47.2,29240
1,2,2,18,18,47.2,29250
1,2,2,18,18,47.2,29220
1,2,2,18,18,47.2,29230
1,1,1,17,17,47.1,29260
1,2,2,18,18,47.2,29300
1,2,2,18,18,47.2,29270
1,2,2,18,18,47.2,29280
1,2,2,18,18,47.2,29290
1,1,1,17,17,47.1,29310
1,1,1,17,17,47.1,29320
1,2,2,18,18,47.2,29330
1,2,2,18,18,47.2,29340
1,1,1,17,17,47.1,29350
1,1,1,17,17,47.1,29360
1,2,2,18,18,47.2,29370
1,1,1,17,17,47.1,29380
1,2,2,18,18,47.2,29390
1,2,2,18,18,47.2,29400
1,2,2,18,18,47.2,29410
1,2,2,18,18,47.2,29420
1,2,2,18,18,47.2,29430
1,2,2,18,18,47.2,29440
1,2,2,18,18,47.2,29450
1,1,1,19,19,51.1,31010
1,1,1,19,19,51.1,31020
1,1,1,19,19,51.1,31030
1,1,1,19,19,51.1,31040
1,1,1,19,19,51.1,31050
1,1,1,19,19,51.1,31060
1,1,1,19,19,51.1,31070
1,1,1,19,19,51.1,31080
1,1,1,19,19,51.1,31090
1,1,1,19,19,51.1,31100
1,1,1,19,19,51.1,31130
1,1,1,19,19,51.1,31150
1,1,1,19,19,51.1,31110
1,1,1,19,19,51.1,31120
1,1,1,19,19,51.1,31140
1,1,1,19,19,51.1,31180
1,1,1,19,19,51.1,31200
1,1,1,19,19,51.1,31160
1,1,1,19,19,51.1,31170
1,1,1,19,19,51.1,31190
1,1,1,19,19,51.1,31250
1,1,1,19,19,51.1,31210
1,1,1,19,19,51.1,31220
1,1,1,19,19,51.1,31230
1,1,1,19,19,51.1,31240
1,1,1,20,20,52.1,32010
1,3,3,20,20,53.2,32020
1,1,1,20,20,52.1,32030
1,1,1,20,20,52.1,32040
1,3,3,20,20,53.2,32090
1,1,1,20,20,53.1,32050
1,1,1,20,20,53.1,32060
1,3,3,20,20,53.2,32070
1,3,3,20,20,53.2,32080
1,3,3,20,20,53.2,32100
1,1,1,20,20,53.1,32120
1,1,1,20,20,53.1,32140
1,1,1,20,20,53.1,32150
1,1,1,20,20,53.1,32160
1,3,3,20,20,53.2,32170
1,3,3,20,20,53.2,32180
1,3,3,20,20,53.2,32190
1,3,3,20,20,53.2,32200
1,1,1,20,20,53.1,32210
1,3,3,20,20,53.2,32220
1,3,3,20,20,53.2,32230
1,3,3,20,20,53.2,32240
1,1,1,20,20,53.1,32250
1,3,3,20,20,53.2,32260
1,3,3,20,20,53.2,32270
1,3,3,20,20,53.2,32280
1,1,1,20,20,53.1,32290
1,3,3,20,20,53.2,32300
1,3,3,20,20,53.2,32360
1,1,1,20,20,53.1,32310
1,1,1,20,20,53.1,32320
1,3,3,20,20,53.2,32330
1,3,3,20,20,53.2,32340
1,3,3,20,20,53.2,32350
1,1,1,20,20,53.1,32370
1,3,3,20,20,53.2,32380
1,3,3,20,20,53.2,32390
1,3,3,20,20,53.2,32400
1,1,1,20,20,53.1,32410
1,1,1,20,20,53.1,32420
1,3,3,20,20,53.2,32430
1,3,3,20,20,53.2,32440
1,3,3,20,20,53.2,32450
1,3,3,20,20,53.2,32520
1,1,1,20,20,53.1,32460
1,1,1,20,20,53.1,32470
1,1,1,20,20,53.1,32480
1,3,3,20,20,53.2,32490
1,3,3,20,20,53.2,32500
1,3,3,20,20,53.2,32510
1,3,3,20,20,53.2,32530
1,3,3,20,20,53.2,32540
1,3,3,20,20,53.2,32550
1,3,3,20,20,53.2,32560
1,3,3,20,20,53.2,32570
1,3,3,20,20,53.2,32580
1,3,3,20,20,53.2,32590
1,3,3,20,20,53.2,32630
1,3,3,20,20,53.2,32610
1,3,3,20,20,53.2,32620
1,3,3,20,20,53.2,32640
1,3,3,20,20,52.2,33010
1,3,3,20,20,52.2,33020
1,3,3,20,20,52.2,33030
1,3,3,20,20,52.2,33040
1,3,3,20,20,52.2,33050
1,3,3,20,20,52.2,33060
1,3,3,20,20,52.2,33070
1,3,3,20,20,52.2,33080
1,3,3,20,20,52.2,33090
1,3,3,20,20,52.2,33100
1,3,3,20,20,52.2,33110
1,3,3,20,20,52.2,33120
1,3,3,20,20,52.2,33130
1,3,3,20,20,52.2,33140
1,3,3,20,20,52.2,33150
1,3,3,20,20,52.2,33160
1,3,3,20,20,52.2,33170
1,3,3,20,20,52.2,33230
1,3,3,20,20,52.2,33240
1,3,3,20,20,52.2,33180
1,3,3,20,20,52.2,33190
1,1,1,20,20,52.1,33200
1,3,3,20,20,52.2,33210
1,3,3,20,20,52.2,33220
1,1,1,20,20,52.1,33250
1,3,3,20,20,52.2,33260
1,3,3,20,20,52.2,33270
1,1,1,20,20,52.1,33280
1,3,3,20,20,52.2,33290
1,1,1,20,20,52.1,33300
1,1,1,20,20,52.1,33310
1,3,3,21,21,55,34010
1,3,3,21,21,55,34020
1,3,3,21,21,55,34060
1,3,3,21,21,55,34030
1,3,3,21,21,55,34040
1,3,3,21,21,55,34050
1,3,3,21,21,55,34070
1,3,3,21,21,55,34080
1,3,3,20,20,53.2,32110
1,3,3,21,21,55,34090
1,3,3,21,21,55,34100
1,3,3,21,21,55,34110
1,3,3,21,21,55,34140
1,3,3,20,20,53.2,32130
1,3,3,21,21,55,34120
1,3,3,21,21,55,34130
1,3,3,21,21,55,34150
1,3,3,21,21,55,34160
1,3,3,21,21,55,34170
1,3,3,21,21,55,34180
1,3,3,21,21,55,34190
1,3,3,21,21,55,34200
1,3,3,21,21,55,34210
1,3,3,21,21,55,34220
1,3,3,21,21,55,34230
1,3,3,21,21,55,34240
1,3,3,21,21,55,34250
1,3,3,21,21,55,34260
1,3,3,21,21,55,34270
1,3,3,21,21,55,34280
1,3,3,21,21,55,34290
1,1,1,19,19,51.3,35010
1,1,1,19,19,51.3,35020
1,1,1,19,19,51.2,35030
1,1,1,19,19,51.2,35040
1,1,1,19,19,51.3,35050
1,1,1,21,21,56,41010
1,1,1,21,21,56,41030
1,1,1,21,21,56,41040
1,1,1,21,21,56,41050
1,1,1,21,21,56,41060
1,1,1,21,21,56,41070
1,1,1,21,21,56,41080
1,1,1,21,21,56,41090
1,1,1,21,21,56,41100
1,1,1,21,21,56,41110
1,1,1,21,21,56,41120
1,1,1,21,21,56,41130
1,3,3,23,23,57.2,42010
1,3,3,23,23,57.2,42020
1,3,3,23,23,57.2,42030
1,3,3,23,23,57.2,42040
1,3,3,23,23,57.2,42050
1,3,3,23,23,57.2,42060
1,3,3,23,23,57.2,42090
1,3,3,23,23,57.2,42100
1,3,3,23,23,57.2,42070
1,3,3,23,23,57.2,42080
1,3,3,23,23,57.2,42110
1,3,3,23,23,57.2,42120
1,3,3,23,23,57.2,42140
1,3,3,23,23,57.2,42130
1,3,3,23,23,57.2,42150
1,1,1,22,22,57.1,42160
1,1,1,22,22,57.1,42170
1,3,3,23,23,57.2,42180
1,3,3,23,23,57.2,42190
1,3,3,23,23,57.2,42200
1,3,3,23,23,57.2,42210
1,3,3,23,23,57.2,42220
1,1,1,22,22,57.1,42230
1,1,1,22,22,57.1,42240
1,1,1,22,22,57.1,42250
1,3,3,23,23,57.2,42260
1,3,3,23,23,57.2,42270
1,1,1,22,22,57.1,42300
1,3,3,23,23,57.2,42280
1,3,3,23,23,57.2,42290
1,3,3,23,23,57.2,42310
1,3,3,23,23,57.2,42320
1,1,1,22,22,57.1,42330
1,3,3,23,23,57.2,42340
1,3,3,23,23,57.2,42350
1,3,3,23,23,57.2,42360
1,3,3,23,23,57.2,42370
1,3,3,23,23,57.2,42380
1,3,3,23,23,57.2,42390
1,3,3,23,23,57.2,42400
1,3,3,23,23,57.2,42410
1,3,3,23,23,57.2,42420
1,3,3,23,23,57.2,42430
1,3,3,23,23,57.2,42440
1,1,1,21,21,56,43010
1,3,3,24,24,61,51010
1,4,4,26,26,62.2,51020
1,4,4,26,26,62.2,51030
1,2,2,25,25,62.1,51060
1,3,3,24,24,61,51100
1,4,4,26,26,62.2,51040
1,2,2,25,25,62.1,51050
1,3,3,24,24,61,51070
1,3,3,24,24,61,51080
1,3,3,24,24,61,51090
1,4,4,26,26,62.2,51110
1,4,4,26,26,62.2,51120
1,2,2,25,25,62.1,51130
1,2,2,25,25,62.1,51140
1,2,2,25,25,62.1,51150
1,2,2,25,25,62.1,51160
1,3,3,24,24,61,51170
1,3,3,24,24,61,51180
1,3,3,24,24,61,51190
1,3,3,24,24,61,51200
1,3,3,24,24,61,51210
1,4,4,26,26,62.2,51220
1,4,4,26,26,62.2,51230
1,2,2,25,25,62.1,51240
1,2,2,25,25,62.1,51250
1,2,2,25,25,62.1,51260
1,3,3,24,24,61,51270
1,3,3,24,24,61,51280
1,3,3,24,24,61,51290
1,3,3,24,24,61,51300
1,3,3,24,24,61,51310
1,2,2,25,25,62.1,51320
1,2,2,25,25,62.1,51330
1,2,2,25,25,62.1,51340
1,2,2,25,25,62.1,51350
1,2,2,25,25,62.1,51360
1,2,2,25,25,62.1,51370
1,2,2,25,25,62.1,51380
1,3,3,24,24,61,51390
1,3,3,24,24,61,51400
1,3,3,24,24,61,51410
1,4,4,26,26,62.2,51420
1,4,4,26,26,62.2,51430
1,4,4,26,26,62.2,51440
1,4,4,26,26,62.2,51450
1,2,2,25,25,62.1,51460
1,2,2,25,25,62.1,51470
1,2,2,25,25,62.1,51480
1,2,2,25,25,62.1,51490
1,2,2,25,25,62.1,51500
1,3,3,24,24,61,51510
1,4,4,26,26,62.2,51520
1,4,4,26,26,62.2,51530
1,4,4,26,26,62.2,51540
1,2,2,25,25,62.1,51550
1,2,2,25,25,62.1,51560
1,2,2,25,25,62.1,51570
1,2,2,25,25,62.1,51580
1,2,2,25,25,62.1,51590
1,3,3,24,24,61,51600
1,4,4,26,26,62.2,51610
1,4,4,26,26,62.2,51620
1,3,3,24,24,61,51630
1,4,4,26,26,62.2,51640
1,4,4,26,26,62.2,51650
1,4,4,26,26,62.2,51660
1,2,2,25,25,62.1,51670
1,2,2,25,25,62.1,51680
1,2,2,25,25,62.1,51690
1,2,2,25,25,62.1,51700
1,2,2,25,25,62.1,51710
1,3,3,24,24,61,51720
1,4,4,26,26,62.2,51730
1,4,4,26,26,62.2,51740
1,4,4,26,26,62.2,51750
1,4,4,26,26,62.2,51760
1,4,4,26,26,62.2,51770
1,4,4,26,26,62.2,51780
1,4,4,26,26,62.2,51790
1,3,3,24,24,61,51800
1,3,3,24,24,61,51810
1,4,4,26,26,62.2,52010
1,4,4,26,26,62.2,52020
1,4,4,26,26,62.2,52030
1,4,4,26,26,62.2,52040
1,4,4,26,26,62.2,52050
1,4,4,26,26,62.2,52060
1,4,4,26,26,62.2,52070
1,3,3,24,24,61,52080
1,3,3,24,24,61,52090
1,3,3,24,24,61,52100
1,4,4,26,26,62.2,52110
1,4,4,26,26,62.2,52120
1,4,4,26,26,62.2,52130
1,4,4,26,26,62.2,52140
1,4,4,26,26,62.2,52150
1,4,4,26,26,62.2,52160
1,3,3,24,24,61,52170
1,3,3,24,24,61,52180
1,1,1,27,27,63,52190
1,1,1,27,27,63,52200
1,1,1,27,27,63,52210
1,3,3,24,24,61,52220
1,1,1,27,27,63,52230
1,1,1,27,27,63,52240
1,4,4,26,26,62.2,52250
1,4,4,26,26,62.2,52260
1,1,1,27,27,63,52270
1,3,3,24,24,61,53010
1,3,3,24,24,61,53020
1,3,3,24,24,61,53030
1,3,3,24,24,61,53040
1,3,3,24,24,61,53050
1,3,3,24,24,61,53060
1,3,3,24,24,61,53070
1,3,3,24,24,61,53080
1,3,3,24,24,61,53090
1,3,3,24,24,61,53100
1,3,3,24,24,61,53110
1,3,3,24,24,61,53120
1,3,3,24,24,61,53130
1,3,3,24,24,61,53140
1,3,3,24,24,61,53150
1,3,3,24,24,61,53160
1,3,3,24,24,61,53170
1,3,3,24,24,61,53180
1,3,3,24,24,61,53190
1,3,3,24,24,61,53200
1,3,3,24,24,61,53210
1,3,3,24,24,61,53220
1,3,3,29,29,69,54010
1,3,3,29,29,69,54020
1,3,3,29,29,69,54030
1,3,3,29,29,69,54040
1,3,3,29,29,69,54050
1,3,3,29,29,69,54060
1,3,3,29,29,69,54070
1,3,3,28,28,68,54080
1,3,3,28,28,68,54100
1,3,3,29,29,69,54110
1,3,3,28,28,68,54120
1,3,3,29,29,69,54130
1,3,3,29,29,69,54140
1,3,3,28,28,68,54150
1,3,3,29,29,69,54160
1,3,3,29,29,69,54170
1,3,3,28,28,68,54180
1,3,3,28,28,68,54190
1,3,3,28,28,68,54200
1,3,3,29,29,69,54210
1,3,3,28,28,68,54220
1,3,3,28,28,68,54230
1,3,3,29,29,69,54240
1,3,3,28,28,68,54250
1,3,3,28,28,68,54260
1,3,3,28,28,68,54270
1,3,3,28,28,68,54280
1,3,3,28,28,68,54290
1,3,3,28,28,68,54300
1,3,3,28,28,68,54310
1,3,3,28,28,68,54320
1,3,3,28,28,68,54330
1,3,3,28,28,68,54340
1,1,1,28,28,67,54350
1,3,3,28,28,68,54370
1,3,3,28,28,68,54380
1,3,3,28,28,68,54390
1,3,3,28,28,68,54400
1,3,3,28,28,68,54410
1,3,3,28,28,68,54420
1,3,3,28,28,68,54430
1,3,3,28,28,68,54440
1,3,3,28,28,68,54450
1,3,3,30,30,71.2,61010
1,3,3,30,30,71.2,61020
1,3,3,30,30,71.2,61030
1,3,3,30,30,71.2,61040
1,3,3,30,30,71.2,61050
1,3,3,30,30,71.2,61060
1,3,3,30,30,71.2,61070
1,3,3,31,31,72,61080
1,3,3,31,31,72,61120
1,3,3,30,30,71.2,61090
1,3,3,30,30,71.2,61100
1,1,1,30,30,71.1,61110
1,3,3,30,30,71.2,61130
1,3,3,30,30,71.2,61140
1,1,1,30,30,71.1,61150
1,1,1,30,30,71.1,61160
1,1,1,30,30,71.1,61170
1,1,1,30,30,71.1,61180
1,3,3,30,30,71.2,61190
1,3,3,31,31,72,61200
1,3,3,30,30,71.2,61210
1,1,1,30,30,71.1,61220
1,3,3,31,31,72,61230
1,1,1,30,30,71.1,61240
1,1,1,30,30,71.1,61250
1,1,1,30,30,71.1,61260
1,1,1,30,30,71.1,61270
1,3,3,30,30,71.2,61280
1,3,3,31,31,72,61290
1,3,3,30,30,71.2,61300
1,3,3,30,30,71.2,61310
1,3,3,30,30,71.2,61320
1,3,3,31,31,72,61330
1,3,3,31,31,72,61340
1,1,1,30,30,71.1,61350
1,1,1,30,30,71.1,61360
1,1,1,30,30,71.1,61370
1,1,1,30,30,71.1,61380
1,1,1,30,30,71.1,61390
1,3,3,30,30,71.2,61400
1,3,3,31,31,72,61410
1,3,3,30,30,71.2,61420
1,1,1,30,30,71.1,61430
1,1,1,30,30,71.1,61440
1,1,1,30,30,71.1,61450
1,1,1,30,30,71.1,61460
1,1,1,30,30,71.1,61470
1,3,3,30,30,71.2,61480
1,3,3,30,30,71.2,61490
1,3,3,30,30,71.2,61500
1,3,3,30,30,71.2,61510
1,3,3,30,30,71.2,61520
1,3,3,31,31,72,61530
1,3,3,31,31,72,61540
1,3,3,31,31,72,61550
1,3,3,30,30,71.2,61560
1,1,1,30,30,71.1,61570
1,1,1,30,30,71.1,61580
1,1,1,30,30,71.1,61590
1,1,1,30,30,71.1,61600
1,3,3,30,30,71.2,61610
1,3,3,30,30,71.2,61620
1,1,1,30,30,71.1,61680
1,3,3,30,30,71.2,61630
1,3,3,30,30,71.2,61640
1,3,3,30,30,71.2,61650
1,1,1,30,30,71.1,61660
1,1,1,30,30,71.1,61670
1,1,1,30,30,71.1,61690
1,3,3,30,30,71.2,61700
1,3,3,31,31,72,61710
1,3,3,30,30,71.2,61720
1,1,1,30,30,71.1,61730
1,1,1,30,30,71.1,61740
1,3,3,30,30,71.2,61750
1,1,1,30,30,71.1,61760
1,1,1,30,30,71.1,61770
1,3,3,30,30,71.2,61780
1,3,3,30,30,71.2,61790
1,3,3,30,30,71.2,61800
1,3,3,30,30,71.2,61810
1,3,3,30,30,71.2,61820
1,3,3,32,32,73,61830
1,3,3,30,30,71.2,61840
1,3,3,30,30,71.2,61860
1,3,3,32,32,73,61910
1,4,4,33,33,74,61850
1,3,3,30,30,71.2,61870
1,3,3,30,30,71.2,61880
1,3,3,30,30,71.2,61890
1,3,3,30,30,71.2,61900
1,3,3,32,32,73,61920
1,4,4,33,33,74,61930
1,3,3,30,30,71.2,62030
1,4,4,33,33,74,62010
1,4,4,33,33,74,62020
1,3,3,32,32,73,62040
1,3,3,32,32,73,62050
1,4,4,33,33,74,62060
1,3,3,30,30,71.2,62070
1,4,4,33,33,74,62080
1,4,4,33,33,74,62090
1,4,4,33,33,74,62100
1,4,4,33,33,74,62110
1,4,4,33,33,74,62120
1,3,3,32,32,73,62130
1,3,3,32,32,73,62140
1,4,4,33,33,74,62190
1,4,4,33,33,74,62150
1,4,4,33,33,74,62160
1,4,4,33,33,74,62170
1,4,4,33,33,74,62180
1,4,4,33,33,74,62200
1,4,4,33,33,74,62210
1,4,4,33,33,74,62220
1,4,4,33,33,74,62230
1,4,4,33,33,74,62240
1,4,4,33,33,74,62250
1,4,4,33,33,74,62290
1,4,4,33,33,74,62260
1,4,4,33,33,74,62270
1,4,4,33,33,74,62280
1,4,4,33,33,74,62300
1,4,4,33,33,74,62310
1,4,4,33,33,74,62320
1,4,4,33,33,74,62330
1,4,4,33,33,74,62340
1,4,4,33,33,74,62350
1,4,4,33,33,74,62380
1,4,4,33,33,74,62420
1,4,4,33,33,74,62360
1,4,4,33,33,74,62370
1,4,4,33,33,74,62390
1,4,4,33,33,74,62400
1,4,4,33,33,74,62410
1,4,4,33,33,74,62430
1,4,4,33,33,74,62440
1,4,4,33,33,74,62450
1,4,4,33,33,74,62460
1,4,4,33,33,74,62470
1,4,4,33,33,74,62480
1,4,4,33,33,74,62490
1,4,4,33,33,74,62500
1,4,4,33,33,74,62510
1,4,4,33,33,74,62520
1,4,4,33,33,74,62530
1,4,4,33,33,74,62540
1,4,4,33,33,74,62550
1,4,4,33,33,74,62560
1,4,4,33,33,74,62570
1,4,4,33,33,74,62620
1,4,4,33,33,74,62580
1,4,4,33,33,74,62590
1,4,4,33,33,74,62600
1,4,4,33,33,74,62610
1,4,4,33,33,74,62630
1,4,4,33,33,74,62640
1,4,4,33,33,74,62650
1,4,4,33,33,74,62660
1,4,4,33,33,74,62670
1,4,4,33,33,74,62680
1,4,4,33,33,74,62690
1,4,4,33,33,74,62700
1,4,4,33,33,74,62710
1,4,4,33,33,74,62720
1,4,4,33,33,74,62730
1,4,4,33,33,74,62740
1,3,3,31,31,72,63010
1,3,3,31,31,72,63020
1,3,3,31,31,72,63030
1,3,3,31,31,72,63040
1,3,3,31,31,72,63050
1,3,3,31,31,72,63070
1,3,3,31,31,72,63080
1,3,3,31,31,72,63060
1,3,3,31,31,72,63090
1,3,3,31,31,72,63100
1,3,3,31,31,72,63110
1,3,3,31,31,72,63120
1,3,3,31,31,72,63170
1,3,3,31,31,72,63130
1,3,3,31,31,72,63140
1,3,3,31,31,72,63150
1,3,3,31,31,72,63160
1,3,3,31,31,72,63180
1,3,3,31,31,72,63220
1,3,3,31,31,72,63190
1,3,3,31,31,72,63200
1,3,3,31,31,72,63210
1,3,3,31,31,72,63230
1,3,3,31,31,72,63240
1,3,3,31,31,72,63250
1,3,3,32,32,73,63260
1,3,3,32,32,73,63270
1,3,3,32,32,73,63280
1,3,3,31,31,72,63290
1,3,3,31,31,72,63300
1,3,3,31,31,72,63310
1,3,3,31,31,72,63320
1,3,3,32,32,73,63330
1,3,3,31,31,72,63380
1,3,3,32,32,73,63340
1,3,3,32,32,73,63350
1,3,3,32,32,73,63360
1,3,3,31,31,72,63370
1,3,3,31,31,72,63390
1,3,3,32,32,73,63400
1,3,3,32,32,73,63410
1,3,3,32,32,73,63420
1,3,3,32,32,73,63430
1,3,3,32,32,73,63440
1,3,3,31,31,72,63450
1,3,3,32,32,73,63460
1,3,3,32,32,73,63470
1,3,3,32,32,73,63480
1,3,3,32,32,73,63510
1,3,3,34,34,75,63530
1,3,3,32,32,73,63490
1,3,3,32,32,73,63500
1,3,3,32,32,73,63520
1,3,3,32,32,73,63540
1,3,3,32,32,73,63550
1,3,3,34,34,75,63560
1,3,3,32,32,73,63570
1,3,3,34,34,75,63580
1,3,3,34,34,75,63590
1,3,3,32,32,73,63600
1,3,3,34,34,75,63610
1,3,3,34,34,75,63620
1,3,3,34,34,75,63640
1,3,3,34,34,75,63630
1,3,3,34,34,75,63650
1,3,3,34,34,75,63660
1,3,3,34,34,75,63670
1,3,3,34,34,75,63700
1,4,4,33,33,74,63680
1,3,3,34,34,75,63690
1,3,3,34,34,75,63710
1,3,3,34,34,75,63720
1,3,3,34,34,75,63730
1,3,3,34,34,75,63740
1,3,3,34,34,75,63750
1,3,3,34,34,75,63760
1,3,3,34,34,75,63770
1,3,3,34,34,75,63780
1,3,3,34,34,75,63860
1,3,3,34,34,75,63790
1,3,3,34,34,75,63800
1,3,3,34,34,75,63810
1,3,3,34,34,75,63820
1,3,3,34,34,75,63830
1,3,3,34,34,75,63840
1,3,3,34,34,75,63850
1,4,4,33,33,74,63870
1,3,3,34,34,75,63880
1,3,3,34,34,75,63890
1,3,3,34,34,75,63900
1,3,3,34,34,75,63910
1,3,3,34,34,75,63920
1,4,4,33,33,74,63930
1,3,3,34,34,75,63940
1,3,3,34,34,75,63950
1,3,3,34,34,75,63960
1,3,3,34,34,75,63970
1,3,3,31,31,72,64010
1,4,4,33,33,74,64020
1,4,4,33,33,74,64030
1,4,4,33,33,74,64040
1,4,4,33,33,74,64050
1,4,4,33,33,74,64060
1,4,4,33,33,74,64070
1,4,4,33,33,74,64080
1,4,4,33,33,74,64090
1,4,4,35,35,77,64100
1,4,4,35,35,77,64110
1,4,4,35,35,77,64120
1,4,4,35,35,77,64130
1,4,4,35,35,77,64140
1,4,4,35,35,77,64150
1,4,4,35,35,77,64160
1,4,4,35,35,77,64170
1,4,4,35,35,77,64180
1,4,4,35,35,77,64190
1,4,4,35,35,77,64200
1,4,4,35,35,77,64210
1,4,4,35,35,77,64220
1,4,4,35,35,77,64230
1,4,4,35,35,77,64240
1,4,4,35,35,77,64250
1,4,4,35,35,77,64280
1,4,4,35,35,77,64300
1,4,4,35,35,77,64260
1,4,4,35,35,77,64270
1,4,4,35,35,77,64290
1,4,4,35,35,77,64310
1,4,4,35,35,77,64320
1,4,4,35,35,77,64330
1,4,4,35,35,77,64340
1,4,4,35,35,77,64350
1,4,4,35,35,77,64360
1,4,4,35,35,77,64370
1,4,4,35,35,77,64380
1,4,4,35,35,77,64390
1,4,4,35,35,77,64400
1,4,4,35,35,77,64410
1,4,4,35,35,77,64420
1,3,3,34,34,75,65010
1,3,3,34,34,75,65020
1,3,3,34,34,75,65030
1,3,3,34,34,75,65040
1,3,3,34,34,75,65050
1,3,3,34,34,75,65060
1,3,3,34,34,75,65070
1,4,4,35,35,77,65080
1,4,4,35,35,77,65090
1,4,4,35,35,77,65100
1,4,4,35,35,77,65120
1,4,4,35,35,77,65150
1,4,4,35,35,77,65110
1,4,4,35,35,77,65130
1,4,4,35,35,77,65140
1,4,4,35,35,77,65160
1,4,4,35,35,77,65170
1,4,4,35,35,77,65180
1,4,4,35,35,77,65190
1,4,4,35,35,77,65200
1,4,4,35,35,77,65210
1,4,4,35,35,77,65220
1,4,4,35,35,77,65230
1,4,4,35,35,77,65240
1,4,4,35,35,77,65250
1,4,4,35,35,77,65260
1,4,4,35,35,77,65290
1,4,4,35,35,77,65270
1,4,4,35,35,77,65280
1,4,4,35,35,77,65300
1,4,4,35,35,77,65310
1,4,4,35,35,77,65320
1,4,4,35,35,77,65330
1,4,4,35,35,77,65340
1,4,4,35,35,77,65350
1,4,4,35,35,77,65360
1,4,4,35,35,77,65370
1,4,4,35,35,77,65380
1,4,4,35,35,77,65390
1,4,4,35,35,77,65400
1,4,4,35,35,77,65410
1,4,4,35,35,77,65420
1,4,4,35,35,77,65430
1,4,4,35,35,77,65440
1,4,4,35,35,77,65450
1,4,4,35,35,77,65460
1,4,4,35,35,77,65470
1,4,4,35,35,77,65480
1,4,4,35,35,77,65490
1,4,4,35,35,77,65500
1,4,4,35,35,77,65510
1,4,4,35,35,77,65520
1,4,4,35,35,77,65530
1,4,4,35,35,77,65540
1,4,4,35,35,77,65550
1,4,4,35,35,77,65560
1,4,4,35,35,77,65570
1,4,4,35,35,77,65580
1,4,4,35,35,77,65590
1,4,4,35,35,77,65600
1,4,4,35,35,77,65610
1,4,4,35,35,77,65620
1,4,4,35,35,77,65630
1,4,4,35,35,77,65640
1,4,4,35,35,77,65650
1,4,4,35,35,77,65660
1,4,4,35,35,77,65670
1,4,4,35,35,77,65680
1,4,4,35,35,77,65690
1,1,1,36,36,79,66010
1,1,1,36,36,79,66020
1,1,1,36,36,79,66030
1,1,1,36,36,79,66040
1,1,1,36,36,79,66050
1,1,1,36,36,79,66060
1,1,1,36,36,79,66070
1,1,1,36,36,79,66080
1,1,1,36,36,79,66090
1,1,1,37,37,81,67010
1,1,1,37,37,81,67020
1,1,1,37,37,81,67030
1,1,1,37,37,81,67040
1,1,1,37,37,81,67070
1,1,1,37,37,81,67090
1,1,1,37,37,81,67050
1,1,1,37,37,81,67060
1,1,1,37,37,81,67080
1,1,1,37,37,81,67100
1,1,1,37,37,81,67130
1,1,1,37,37,81,67110
1,1,1,37,37,81,67120
1,1,1,37,37,81,67140
1,1,1,37,37,81,67150
1,1,1,37,37,81,67160
1,1,1,37,37,81,67170
1,1,1,37,37,81,67180
1,1,1,37,37,81,67190
1,1,1,37,37,81,67200
1,1,1,37,37,81,67210
1,1,1,37,37,81,67220
1,1,1,37,37,81,67230
1,1,1,37,37,81,67240
1,1,1,37,37,81,67260
1,1,1,37,37,81,67270
1,3,3,39,39,83,68010
1,3,3,39,39,83,68020
1,3,3,39,39,83,68030
1,3,3,39,39,83,68040
1,3,3,39,39,83,68050
1,3,3,39,39,83,68060
1,3,3,39,39,83,68070
1,3,3,39,39,83,68080
1,3,3,39,39,83,68090
1,3,3,39,39,83,68100
1,3,3,39,39,83,68110
1,3,3,39,39,83,68120
1,3,3,39,39,83,68130
1,3,3,39,39,83,68140
1,3,3,39,39,83,68150
1,3,3,39,39,83,68160
1,3,3,39,39,83,68170
1,3,3,39,39,83,68180
1,3,3,39,39,83,68190
1,3,3,39,39,83,68200
1,3,3,39,39,83,68210
1,3,3,39,39,83,68220
1,3,3,39,39,83,68230
1,3,3,39,39,83,68240
1,3,3,39,39,83,68250
1,3,3,39,39,83,68260
1,3,3,39,39,83,68270
1,3,3,39,39,83,68280
1,3,3,39,39,83,68290
1,3,3,39,39,83,68300
1,3,3,39,39,83,68340
1,3,3,39,39,83,68310
1,3,3,39,39,83,68320
1,3,3,39,39,83,68330
1,3,3,39,39,83,68350
1,3,3,39,39,83,68360
1,3,3,39,39,83,68370
1,3,3,39,39,83,68380
1,3,3,39,39,83,68390
1,3,3,39,39,83,68400
1,3,3,39,39,83,68410
1,3,3,39,39,83,68420
1,3,3,39,39,83,68430
1,3,3,39,39,83,68440
1,3,3,39,39,83,68450
1,3,3,39,39,83,68460
1,3,3,39,39,83,68470
1,3,3,39,39,83,68480
1,3,3,39,39,83,68490
1,3,3,39,39,83,68500
1,3,3,38,38,82,68510
1,3,3,39,39,83,68520
1,3,3,38,38,82,68530
1,3,3,38,38,82,68540
1,3,3,38,38,82,68550
1,1,1,37,37,81,67250
1,3,3,38,38,82,68560
1,3,3,38,38,82,68570
1,3,3,38,38,82,68580
1,3,3,38,38,82,68590
1,3,3,38,38,82,68600
1,3,3,38,38,82,68610
1,3,3,38,38,82,68620
1,3,3,38,38,82,68630
1,3,3,38,38,82,68640
1,3,3,38,38,82,68650
1,3,3,38,38,82,68660
1,3,3,38,38,82,68670
1,3,3,38,38,82,68680
1,3,3,38,38,82,68710
1,3,3,38,38,82,68690
1,3,3,38,38,82,68700
1,3,3,38,38,82,68720
1,3,3,38,38,82,68730
1,3,3,38,38,82,68740
1,3,3,38,38,82,68750
1,3,3,38,38,82,68760
1,3,3,38,38,82,68770
1,3,3,38,38,82,68780
1,3,3,38,38,82,68790
1,3,3,38,38,82,68800
1,3,3,38,38,82,68810
1,3,3,38,38,82,68820
1,3,3,38,38,82,68830
1,3,3,38,38,82,68840
1,3,3,44,44,96,71010
1,3,3,44,44,96,71020
1,3,3,44,44,96,71030
1,3,3,44,44,96,71040
1,3,3,44,44,96,71050
1,3,3,44,44,96,71060
1,3,3,44,44,96,71070
1,3,3,44,44,96,71080
1,3,3,44,44,96,71090
1,3,3,44,44,96,71100
1,3,3,44,44,96,71110
1,3,3,44,44,96,71120
1,3,3,44,44,96,71130
1,3,3,44,44,96,71140
1,3,3,44,44,96,71150
1,3,3,44,44,96,71160
1,3,3,44,44,96,71170
1,1,1,44,44,97,72010
1,1,1,44,44,97,72020
1,1,1,44,44,97,72030
1,1,1,44,44,97,72040
1,1,1,44,44,97,72050
1,1,1,44,44,97,72060
1,1,1,44,44,97,72070
1,1,1,44,44,97,72080
1,4,4,40,40,92,81010
1,3,3,41,41,93,81020
1,3,3,41,41,93,81030
1,3,3,41,41,93,81040
1,4,4,40,40,92,81050
1,4,4,40,40,92,81060
1,3,3,41,41,93,81070
1,4,4,40,40,92,81080
1,3,3,41,41,93,81090
1,3,3,41,41,93,81100
1,3,3,41,41,93,81110
1,3,3,41,41,93,81120
1,3,3,41,41,93,81130
1,4,4,40,40,92,81140
1,3,3,41,41,93,81200
1,4,4,40,40,92,81150
1,4,4,40,40,92,81160
1,4,4,40,40,92,81170
1,4,4,40,40,92,81180
1,3,3,41,41,93,81190
1,4,4,40,40,92,81210
1,3,3,41,41,93,81220
1,3,3,41,41,93,81230
1,3,3,41,41,93,81240
1,3,3,41,41,93,81250
1,3,3,41,41,93,81280
1,4,4,40,40,92,81260
1,4,4,40,40,92,81270
1,3,3,41,41,93,81290
1,3,3,41,41,93,81300
1,4,4,40,40,92,81310
1,4,4,40,40,92,81320
1,4,4,40,40,92,81330
1,4,4,40,40,92,81340
1,3,3,41,41,93,81350
1,3,3,41,41,93,81360
1,3,3,41,41,93,81370
1,4,4,40,40,92,81380
1,3,3,41,41,93,81390
1,4,4,40,40,92,81410
1,3,3,41,41,93,81440
1,4,4,40,40,92,81400
1,3,3,41,41,93,81420
1,3,3,41,41,93,81430
1,4,4,40,40,92,81450
1,4,4,40,40,92,81460
1,4,4,40,40,92,81470
1,3,3,41,41,93,81480
1,3,3,41,41,93,81490
1,4,4,40,40,92,81510
1,3,3,41,41,93,81550
1,4,4,40,40,92,81500
1,4,4,40,40,92,81520
1,3,3,41,41,93,81530
1,3,3,41,41,93,81540
1,4,4,40,40,92,81560
1,3,3,41,41,93,81570
1,4,4,40,40,92,81580
1,4,4,40,40,92,81590
1,3,3,41,41,93,81600
1,3,3,41,41,93,81610
1,3,3,41,41,93,81620
1,4,4,40,40,92,81630
1,4,4,40,40,92,81640
1,3,3,41,41,93,81650
1,3,3,41,41,93,81660
1,4,4,42,42,94,82010
1,4,4,42,42,94,82020
1,4,4,42,42,94,82030
1,4,4,42,42,94,82040
1,4,4,42,42,94,82050
1,4,4,42,42,94,82060
1,4,4,42,42,94,82070
1,4,4,42,42,94,82080
1,4,4,42,42,94,82090
1,4,4,42,42,94,82100
1,4,4,42,42,94,82110
1,4,4,42,42,94,82120
1,4,4,42,42,94,82130
1,4,4,42,42,94,82140
1,4,4,42,42,94,82150
1,4,4,42,42,94,82160
1,4,4,42,42,94,82170
1,4,4,42,42,94,82180
1,4,4,42,42,94,82190
1,4,4,42,42,94,82200
1,4,4,42,42,94,82210
1,4,4,42,42,94,82220
1,4,4,42,42,94,82230
1,4,4,42,42,94,82240
1,4,4,42,42,94,82250
1,4,4,42,42,94,82260
1,4,4,42,42,94,82270
1,4,4,42,42,94,82280
1,4,4,42,42,94,82290
1,4,4,42,42,94,82300
1,4,4,42,42,94,82310
1,4,4,42,42,94,82320
1,4,4,42,42,94,82330
1,4,4,42,42,94,82340
1,4,4,42,42,94,82350
1,4,4,42,42,94,82360
1,4,4,42,42,94,82370
1,4,4,42,42,94,82380
1,4,4,42,42,94,82390
1,4,4,42,42,94,82400
1,4,4,42,42,94,82410
1,1,1,43,43,95,83010
1,1,1,43,43,95,83020
1,1,1,43,43,95,83030
1,4,4,42,42,94,83040
1,4,4,42,42,94,83050
1,4,4,42,42,94,83060
1,3,3,28,28,68,54090
1,1,1,28,28,67,54360
1,1,1,21,21,56,41020
1,1,1,3,3,13.1,13260
1,1,1,3,3,13.1,13300
1,3,3,20,20,53.2,32600
1,1,1,13,13,42.1,28360
1,2,2,9,9,36,23070
